CALLSIGN,SOBT,OPERATOR_IATA,AIRCRAFT_REGISTRATION,ICAO_TYPE,WTC,FLIGHT_TYPE,ORIGIN_ICAO,DESTINATION_ICAO,STAND_CODE,RUNWAY_DESIGNATOR,ENTRY_FIX,HANDLER_CODE,PAX_CONNECTIONS,ATFM_PENALTY,EOBT,CTOT,ATOT_UPSTATION,FIR_ENTRY_TIME,TLDT,ELDT,ALDT,AIBT,ACGT,TOBT,TSAT,ABDT,ARDT,ASRT,ASAT,TTOT,AOBT,ATOT,FEEDS_CALLSIGN,FEEDS_SOBT,IS_ELIGIBLE_ACDM
KL1234,2026-10-14 14:06:00,KL,PH-BVA,B77W,H,ARRIVAL,KJFK,EHAM,E18,18C/36C,SUGOL,KLG,124,0.00,,,2026-10-14 07:30:43,2026-10-14 14:00:33,2026-10-14 14:33:00,2026-10-14 14:33:00,,,,,,,,,,,,,KL1235,2026-10-14 14:50:00,TRUE
KL1235,2026-10-14 14:50:00,KL,PH-BVA,B77W,H,DEPARTURE,EHAM,VTBS,E18,18L/36R,,KLG,98,1.88,2026-10-14 14:51:00,2026-10-14 15:07:00,,,,,,,,2026-10-14 14:52:00,2026-10-14 14:52:00,2026-10-14 14:18:00,2026-10-14 14:45:00,2026-10-14 14:46:00,2026-10-14 14:53:00,2026-10-14 15:04:00,2026-10-14 14:55:00,2026-10-14 15:04:00,,,TRUE
KL1402,2026-10-14 15:20:00,KL,PH-BXM,B738,M,DEPARTURE,EHAM,LEMD,E18,18L/36R,,KLG,42,1.00,2026-10-14 15:18:00,,,,,,,,,2026-10-14 15:16:00,2026-10-14 15:16:00,2026-10-14 14:51:00,2026-10-14 15:23:00,2026-10-14 15:23:00,2026-10-14 15:14:00,2026-10-14 15:35:00,2026-10-14 15:26:00,2026-10-14 15:35:00,KL1601,2026-10-14 17:10:00,TRUE
HV5821,2026-10-14 14:35:00,HV,PH-HSI,B738,M,DEPARTURE,EHAM,LEBL,D54,18L/36R,,AGS,18,0.50,2026-10-14 14:39:00,,,,,,,,,2026-10-14 14:33:00,2026-10-14 14:33:00,2026-10-14 14:01:00,2026-10-14 14:30:00,2026-10-14 14:31:00,2026-10-14 14:35:00,2026-10-14 14:45:00,2026-10-14 14:37:00,2026-10-14 14:47:00,,,TRUE
KL0641,2026-10-14 12:30:00,KL,PH-BHF,B789,H,ARRIVAL,KIAH,EHAM,D54,18C/36C,SUGOL,KLG,87,0.00,,,2026-10-14 03:35:45,2026-10-14 12:30:25,2026-10-14 13:03:00,2026-10-14 13:03:00,2026-10-14 13:05:00,2026-10-14 13:10:00,2026-10-14 13:10:00,,,,,,,,,,,,TRUE
AF1241,2026-10-14 16:00:00,AF,F-GUGA,A20N,M,DEPARTURE,EHAM,LFPG,F08,18L/36R,,DNATA,66,2.00,2026-10-14 16:00:00,,,,,,,,,2026-10-14 15:59:00,2026-10-14 16:00:00,2026-10-14 15:32:00,2026-10-14 16:03:00,2026-10-14 16:04:00,2026-10-14 15:59:00,2026-10-14 16:13:00,2026-10-14 16:05:00,2026-10-14 16:14:00,,,TRUE
KL0712,2026-10-14 13:45:00,KL,PH-BVN,B77W,H,ARRIVAL,WSSS,EHAM,F08,18C/36C,RIVER,KLG,156,0.00,,,2026-10-14 01:13:20,2026-10-14 13:37:22,2026-10-14 14:08:00,2026-10-14 14:08:00,2026-10-14 14:10:00,2026-10-14 14:15:00,2026-10-14 14:15:00,,,,,,,,,,,,TRUE
KL1601,2026-10-14 17:10:00,KL,PH-BXM,B738,M,DEPARTURE,EHAM,EDDF,C08,18L/36R,,KLG,51,1.84,2026-10-14 17:10:00,2026-10-14 17:19:00,,,,,,,,2026-10-14 17:12:00,2026-10-14 17:16:00,2026-10-14 16:37:00,2026-10-14 17:09:00,2026-10-14 17:10:00,2026-10-14 17:14:00,2026-10-14 17:20:00,2026-10-14 17:17:00,2026-10-14 17:21:00,,,TRUE
DL0036,2026-10-14 07:30:00,DL,N810NW,A339,H,ARRIVAL,KATL,EHAM,E18,18C/36C,SUGOL,KLG,72,0.00,,,2026-10-14 05:50:00,2026-10-14 14:10:00,2026-10-14 14:35:00,2026-10-14 14:35:00,,,,,,,,,,,,,,,TRUE
KL0691,2026-10-14 08:15:00,KL,PH-BVF,B772,H,ARRIVAL,ZSPD,EHAM,F04,18C/36C,RIVER,KLG,94,0.00,,,2026-10-13 22:05:00,2026-10-14 14:20:00,2026-10-14 14:44:00,2026-10-14 14:44:00,,,,,,,,,,,,,,,TRUE
AF1641,2026-10-14 13:00:00,AF,F-GUGB,A320,M,ARRIVAL,LFPG,EHAM,D88,18C/36C,SUGOL,DNATA,22,0.00,,,2026-10-14 13:17:00,2026-10-14 14:30:00,2026-10-14 15:00:00,2026-10-14 15:00:00,,,,,,,,,,,,,,,TRUE
BA0432,2026-10-14 13:30:00,BA,G-EUYZ,A320,M,ARRIVAL,EGLL,EHAM,B26,18C/36C,ARTIP,MENZIES,14,0.00,,,2026-10-14 13:50:00,2026-10-14 14:35:00,2026-10-14 14:52:00,2026-10-14 14:52:00,,,,,,,,,,,,,,,TRUE
KL7000,2026-10-14 13:30:00,KL,PH-JZU,B738,M,DEPARTURE,EHAM,LKPR,C05,18L/36R,,KLG,23,3.12,2026-10-14 13:31:00,2026-10-14 14:02:00,,,,,,,,2026-10-14 13:33:00,2026-10-14 13:33:00,2026-10-14 13:07:00,2026-10-14 13:40:00,2026-10-14 13:40:00,2026-10-14 13:35:00,2026-10-14 13:52:00,2026-10-14 13:43:00,2026-10-14 13:53:00,,,TRUE
KL7001,2026-10-14 13:00:00,KL,PH-ZZJ,B738,M,DEPARTURE,EHAM,LHBP,B25,18L/36R,,KLG,58,0.00,2026-10-14 12:59:00,,,,,,,,,2026-10-14 12:56:00,2026-10-14 12:56:00,2026-10-14 12:26:00,2026-10-14 13:03:00,2026-10-14 13:03:00,2026-10-14 12:55:00,2026-10-14 13:12:00,2026-10-14 13:06:00,2026-10-14 13:15:00,,,TRUE
KL7002,2026-10-14 13:30:00,KL,PH-ZRC,B738,M,DEPARTURE,EHAM,VHHH,D84,18L/36R,,KLG,42,0.00,2026-10-14 13:29:00,,,,,,,,,2026-10-14 13:30:00,2026-10-14 13:30:00,2026-10-14 12:56:00,2026-10-14 13:39:00,2026-10-14 13:40:00,2026-10-14 13:31:00,2026-10-14 13:51:00,2026-10-14 13:41:00,2026-10-14 13:52:00,,,TRUE
KL7003,2026-10-14 13:30:00,KL,PH-HUH,B738,M,DEPARTURE,EHAM,LIRF,D54,18L/36R,,KLG,40,0.00,2026-10-14 13:30:00,,,,,,,,,2026-10-14 13:32:00,2026-10-14 13:32:00,2026-10-14 13:04:00,2026-10-14 13:38:00,2026-10-14 13:39:00,2026-10-14 13:32:00,2026-10-14 13:50:00,2026-10-14 13:40:00,2026-10-14 13:52:00,,,TRUE
KL7004,2026-10-14 13:45:00,KL,PH-ZBX,B738,M,DEPARTURE,EHAM,LFPG,C09,18L/36R,,KLG,3,0.00,2026-10-14 13:44:00,,,,,,,,,2026-10-14 13:53:00,2026-10-14 13:53:00,2026-10-14 13:26:00,2026-10-14 14:01:00,2026-10-14 14:01:00,2026-10-14 13:51:00,2026-10-14 14:11:00,2026-10-14 14:03:00,2026-10-14 14:12:00,,,TRUE
KL7005,2026-10-14 12:00:00,KL,PH-NBF,B738,M,DEPARTURE,EHAM,LKPR,B17,18L/36R,,KLG,16,1.24,2026-10-14 12:00:00,2026-10-14 12:21:00,,,,,,,,2026-10-14 11:59:00,2026-10-14 11:59:00,2026-10-14 11:27:00,2026-10-14 12:11:00,2026-10-14 12:12:00,2026-10-14 12:00:00,2026-10-14 12:15:00,2026-10-14 12:13:00,2026-10-14 12:16:00,,,TRUE
KL7006,2026-10-14 12:00:00,KL,PH-VCX,B738,M,DEPARTURE,EHAM,ESSA,B17,18L/36R,,KLG,60,0.00,2026-10-14 12:00:00,,,,,,,,,2026-10-14 12:07:00,2026-10-14 12:07:00,2026-10-14 11:36:00,2026-10-14 12:18:00,2026-10-14 12:19:00,2026-10-14 12:05:00,2026-10-14 12:25:00,2026-10-14 12:21:00,2026-10-14 12:26:00,,,TRUE
HV7100,2026-10-14 11:30:00,HV,PH-H4C,B738,M,DEPARTURE,EHAM,VIDP,D24,18L/36R,,AGS,59,0.00,2026-10-14 11:35:00,,,,,,,,,2026-10-14 11:44:00,2026-10-14 11:44:00,2026-10-14 11:16:00,2026-10-14 11:52:00,2026-10-14 11:53:00,2026-10-14 11:42:00,2026-10-14 12:03:00,2026-10-14 11:55:00,2026-10-14 12:05:00,,,TRUE
HV7101,2026-10-14 13:30:00,HV,PH-H4Y,B738,M,DEPARTURE,EHAM,VIDP,B24,18L/36R,,AGS,32,0.00,2026-10-14 13:38:00,,,,,,,,,2026-10-14 13:35:00,2026-10-14 13:35:00,2026-10-14 13:09:00,2026-10-14 13:44:00,2026-10-14 13:45:00,2026-10-14 13:35:00,2026-10-14 13:52:00,2026-10-14 13:47:00,2026-10-14 13:54:00,,,TRUE
HV7102,2026-10-14 13:45:00,HV,PH-H6U,B738,M,DEPARTURE,EHAM,LGAV,E14,18L/36R,,AGS,19,0.00,2026-10-14 13:57:00,,,,,,,,,2026-10-14 13:54:00,2026-10-14 13:54:00,2026-10-14 13:29:00,2026-10-14 14:02:00,2026-10-14 14:03:00,2026-10-14 13:53:00,2026-10-14 14:10:00,2026-10-14 14:04:00,2026-10-14 14:12:00,,,TRUE
HV7103,2026-10-14 13:15:00,HV,PH-H2Y,B738,M,DEPARTURE,EHAM,KORD,C08,18L/36R,,AGS,12,0.00,2026-10-14 13:14:00,,,,,,,,,2026-10-14 13:22:00,2026-10-14 13:22:00,2026-10-14 12:49:00,2026-10-14 13:33:00,2026-10-14 13:33:00,2026-10-14 13:23:00,2026-10-14 13:42:00,2026-10-14 13:35:00,2026-10-14 13:45:00,,,TRUE
HV7104,2026-10-14 12:30:00,HV,PH-H8D,B738,M,DEPARTURE,EHAM,GMMN,E02,18L/36R,,AGS,27,0.00,2026-10-14 12:28:00,,,,,,,,,2026-10-14 12:33:00,2026-10-14 12:33:00,2026-10-14 12:02:00,2026-10-14 12:43:00,2026-10-14 12:44:00,2026-10-14 12:33:00,2026-10-14 12:55:00,2026-10-14 12:46:00,2026-10-14 12:57:00,,,TRUE
AF7200,2026-10-14 13:15:00,AF,F-GLNY,A20N,M,DEPARTURE,EHAM,EGKK,D16,18L/36R,,DNATA,12,0.00,2026-10-14 13:16:00,,,,,,,,,2026-10-14 13:13:00,2026-10-14 13:13:00,2026-10-14 12:39:00,2026-10-14 13:04:00,2026-10-14 13:05:00,2026-10-14 13:12:00,2026-10-14 13:23:00,2026-10-14 13:13:00,2026-10-14 13:24:00,,,TRUE
AF7201,2026-10-14 13:30:00,AF,F-GLCH,A20N,M,DEPARTURE,EHAM,EDDF,D60,18L/36R,,DNATA,51,0.00,2026-10-14 13:31:00,,,,,,,,,2026-10-14 13:30:00,2026-10-14 13:30:00,2026-10-14 13:00:00,2026-10-14 13:23:00,2026-10-14 13:25:00,2026-10-14 13:32:00,2026-10-14 13:43:00,2026-10-14 13:34:00,2026-10-14 13:44:00,,,TRUE
AF7202,2026-10-14 12:45:00,AF,F-GHDQ,A20N,M,DEPARTURE,EHAM,KJFK,C09,18L/36R,,DNATA,33,0.00,2026-10-14 12:43:00,,,,,,,,,2026-10-14 12:38:00,2026-10-14 12:38:00,2026-10-14 12:04:00,2026-10-14 12:26:00,2026-10-14 12:27:00,2026-10-14 12:38:00,2026-10-14 12:46:00,2026-10-14 12:41:00,2026-10-14 12:48:00,,,TRUE
BA7300,2026-10-14 13:45:00,BA,G-EUHJ,A319,M,DEPARTURE,EHAM,KIAH,D56,18L/36R,,MENZIES,8,0.00,2026-10-14 13:45:00,,,,,,,,,2026-10-14 13:54:00,2026-10-14 13:54:00,2026-10-14 13:27:00,2026-10-14 14:01:00,2026-10-14 14:02:00,2026-10-14 13:53:00,2026-10-14 14:12:00,2026-10-14 14:02:00,2026-10-14 14:14:00,,,TRUE
BA7301,2026-10-14 13:00:00,BA,G-EUHR,A319,M,DEPARTURE,EHAM,DAAG,E20,18L/36R,,MENZIES,1,0.00,2026-10-14 12:59:00,,,,,,,,,2026-10-14 12:53:00,2026-10-14 12:53:00,2026-10-14 12:21:00,2026-10-14 13:01:00,2026-10-14 13:03:00,2026-10-14 12:58:00,2026-10-14 13:09:00,2026-10-14 13:03:00,2026-10-14 13:12:00,,,TRUE
KL691,2026-10-14 15:25:00,KL,PH-BHG,B789,H,DEPARTURE,EHAM,RJTT,F02,18L/36R,,KLG,137,4.00,2026-10-14 15:25:00,,,,,,,,,2026-10-14 15:26:00,2026-10-14 15:26:00,2026-10-14 14:57:00,2026-10-14 15:35:00,2026-10-14 15:36:00,2026-10-14 15:27:00,2026-10-14 15:44:00,2026-10-14 15:37:00,2026-10-14 15:45:00,,,TRUE
KL0100,2026-10-14 16:35:00,KL,PH-XDU,B739,M,DEPARTURE,EHAM,VHHH,R01,18L/36R,,KLG,30,0.00,2026-10-14 16:37:00,,,,,,,,,2026-10-14 16:39:00,2026-10-14 16:45:00,2026-10-14 16:04:00,2026-10-14 16:44:00,2026-10-14 16:46:00,2026-10-14 16:46:00,2026-10-14 16:56:00,2026-10-14 16:48:00,2026-10-14 16:59:00,,,TRUE
EZY0106,2026-10-14 17:05:00,EZY,G-EZWL,A320,M,DEPARTURE,EHAM,EGKK,D58,18L/36R,,MENZIES,38,0.00,2026-10-14 17:04:00,,,,,,,,,2026-10-14 17:13:00,2026-10-14 17:22:00,2026-10-14 16:43:00,2026-10-14 17:16:00,2026-10-14 17:17:00,2026-10-14 17:24:00,2026-10-14 17:37:00,2026-10-14 17:26:00,2026-10-14 17:38:00,,,TRUE
KL0112,2026-10-14 10:35:00,KL,PH-JVY,E195,M,ARRIVAL,VTBS,EHAM,F08,18R/36L,NIRSI,KLG,106,0.00,,,2026-10-13 23:31:10,2026-10-14 09:52:20,2026-10-14 10:25:00,2026-10-14 10:25:00,2026-10-14 10:27:00,2026-10-14 10:35:00,2026-10-14 10:35:00,,,,,,,,,,,,TRUE
KL0117,2026-10-14 13:50:00,KL,PH-TSM,A332,H,DEPARTURE,EHAM,LSZH,E22,18L/36R,,KLG,24,4.91,2026-10-14 13:49:00,2026-10-14 14:10:00,,,,,,,,2026-10-14 13:56:00,2026-10-14 13:56:00,2026-10-14 13:28:00,2026-10-14 13:56:00,2026-10-14 13:56:00,2026-10-14 13:57:00,2026-10-14 14:04:00,2026-10-14 13:58:00,2026-10-14 14:05:00,,,TRUE
KL0123,2026-10-14 13:20:00,KL,PH-KRR,E190,M,ARRIVAL,KIAD,EHAM,F09,18C/36C,SUGOL,KLG,90,0.00,,,2026-10-14 06:04:53,2026-10-14 12:38:49,2026-10-14 13:11:00,2026-10-14 13:11:00,2026-10-14 13:13:00,2026-10-14 13:20:00,2026-10-14 13:20:00,,,,,,,,,,,,TRUE
BA0124,2026-10-14 15:50:00,BA,G-EUHS,A319,M,ARRIVAL,EGLL,EHAM,G08,09/27,ARTIP,MENZIES,36,0.00,,,2026-10-14 14:22:18,2026-10-14 15:23:25,2026-10-14 15:45:00,2026-10-14 15:45:00,2026-10-14 15:47:00,2026-10-14 15:50:00,2026-10-14 15:50:00,,,,,,,,,,,,TRUE
KL0130,2026-10-14 15:05:00,KL,PH-BHK,B78X,H,ARRIVAL,KLAX,EHAM,R07,18C/36C,RIVER,KLG,64,0.00,,,2026-10-14 04:42:27,2026-10-14 14:20:29,2026-10-14 14:52:00,2026-10-14 14:52:00,2026-10-14 14:54:00,2026-10-14 15:05:00,2026-10-14 15:05:00,,,,,,,,,,,,TRUE
KL0132,2026-10-14 15:10:00,KL,PH-YKY,E190,M,ARRIVAL,EGKK,EHAM,D82,18C/36C,SUGOL,KLG,38,0.00,,,2026-10-14 13:54:11,2026-10-14 14:44:08,2026-10-14 15:02:00,2026-10-14 15:02:00,2026-10-14 15:04:00,2026-10-14 15:10:00,2026-10-14 15:10:00,,,,,,,,,,,,TRUE
HV0135,2026-10-14 20:45:00,HV,PH-H0W,B38M,M,ARRIVAL,LEMD,EHAM,C07,18C/36C,RIVER,AGS,36,0.00,,,2026-10-14 18:20:03,2026-10-14 20:10:07,2026-10-14 20:37:00,2026-10-14 20:37:00,2026-10-14 20:39:00,2026-10-14 20:45:00,2026-10-14 20:45:00,,,,,,,,,,,,TRUE
BA0136,2026-10-14 13:40:00,BA,G-EUBG,A320,M,DEPARTURE,EHAM,EGLL,M05,18L/36R,,MENZIES,20,0.00,2026-10-14 13:37:00,,,,,,,,,2026-10-14 13:33:00,2026-10-14 13:33:00,2026-10-14 13:06:00,2026-10-14 13:29:00,2026-10-14 13:30:00,2026-10-14 13:32:00,2026-10-14 13:50:00,2026-10-14 13:34:00,2026-10-14 13:52:00,,,TRUE
KL0137,2026-10-14 06:35:00,KL,PH-ENG,B772,H,ARRIVAL,LSZH,EHAM,D28,18C/36C,RIVER,KLG,147,0.00,,,2026-10-14 04:40:42,2026-10-14 06:04:07,2026-10-14 06:23:00,2026-10-14 06:23:00,2026-10-14 06:25:00,2026-10-14 06:35:00,2026-10-14 06:35:00,,,,,,,,,,,,TRUE
KL0138,2026-10-14 10:20:00,KL,PH-TNQ,A359,H,DEPARTURE,EHAM,FACT,M06,18L/36R,,KLG,170,4.86,2026-10-14 10:20:00,2026-10-14 10:27:00,,,,,,,,2026-10-14 10:26:00,2026-10-14 10:35:00,2026-10-14 09:57:00,2026-10-14 10:25:00,2026-10-14 10:27:00,2026-10-14 10:37:00,2026-10-14 10:54:00,2026-10-14 10:39:00,2026-10-14 10:56:00,,,TRUE
KL0144,2026-10-14 14:57:00,KL,PH-NLW,B739,M,DEPARTURE,EHAM,OMDB,M07,18L/36R,,KLG,59,0.00,2026-10-14 14:57:00,,,,,,,,,2026-10-14 15:00:00,2026-10-14 15:00:00,2026-10-14 14:29:00,2026-10-14 14:57:00,2026-10-14 14:59:00,2026-10-14 15:00:00,2026-10-14 15:08:00,2026-10-14 15:01:00,2026-10-14 15:10:00,,,TRUE
KL0146,2026-10-14 10:20:00,KL,PH-NVX,B78X,H,DEPARTURE,EHAM,VHHH,D54,18L/36R,,KLG,57,0.00,2026-10-14 10:21:00,,,,,,,,,2026-10-14 10:26:00,2026-10-14 10:29:00,2026-10-14 09:58:00,2026-10-14 10:30:00,2026-10-14 10:32:00,2026-10-14 10:29:00,2026-10-14 10:41:00,2026-10-14 10:32:00,2026-10-14 10:42:00,,,TRUE
KL0149,2026-10-14 08:35:00,KL,PH-XZB,A332,H,DEPARTURE,EHAM,EDDM,D20,18L/36R,,KLG,166,0.00,2026-10-14 08:36:00,,,,,,,,,2026-10-14 08:42:00,2026-10-14 08:50:00,2026-10-14 08:15:00,2026-10-14 08:43:00,2026-10-14 08:43:00,2026-10-14 08:51:00,2026-10-14 09:03:00,2026-10-14 08:54:00,2026-10-14 09:05:00,,,TRUE
KL0150,2026-10-14 07:55:00,KL,PH-FJR,B739,M,ARRIVAL,SAEZ,EHAM,M02,18C/36C,ARTIP,KLG,103,0.00,,,2026-10-13 19:17:07,2026-10-14 07:06:32,2026-10-14 07:47:00,2026-10-14 07:47:00,2026-10-14 07:49:00,2026-10-14 07:55:00,2026-10-14 07:55:00,,,,,,,,,,,,TRUE
KL0152,2026-10-14 15:31:00,KL,PH-VTL,B789,H,DEPARTURE,EHAM,LSZH,D24,18L/36R,,KLG,136,0.00,2026-10-14 15:32:00,,,,,,,,,2026-10-14 15:41:00,2026-10-14 15:50:00,2026-10-14 15:13:00,2026-10-14 15:45:00,2026-10-14 15:45:00,2026-10-14 15:52:00,2026-10-14 16:01:00,2026-10-14 15:54:00,2026-10-14 16:01:00,,,TRUE
KL0155,2026-10-14 19:45:00,KL,PH-QHM,A333,H,DEPARTURE,EHAM,LOWW,E20,18L/36R,,KLG,126,0.00,2026-10-14 19:42:00,,,,,,,,,2026-10-14 19:41:00,2026-10-14 19:45:00,2026-10-14 19:12:00,2026-10-14 19:48:00,2026-10-14 19:49:00,2026-10-14 19:48:00,2026-10-14 19:57:00,2026-10-14 19:50:00,2026-10-14 19:57:00,,,TRUE
KL0161,2026-10-14 13:15:00,KL,PH-EAM,B737,M,ARRIVAL,WSSS,EHAM,R02,18C/36C,SUGOL,KLG,172,0.00,,,2026-10-14 00:18:14,2026-10-14 12:27:36,2026-10-14 13:01:00,2026-10-14 13:01:00,2026-10-14 13:03:00,2026-10-14 13:15:00,2026-10-14 13:15:00,,,,,,,,,,,,TRUE
KL0164,2026-10-14 14:40:00,KL,PH-RNP,A332,H,ARRIVAL,GCLP,EHAM,D58,18C/36C,RIVER,KLG,135,0.00,,,2026-10-14 10:06:16,2026-10-14 13:56:26,2026-10-14 14:33:00,2026-10-14 14:33:00,2026-10-14 14:35:00,2026-10-14 14:40:00,2026-10-14 14:40:00,,,,,,,,,,,,TRUE
KL0169,2026-10-14 19:45:00,KL,PH-PLQ,B737,M,DEPARTURE,EHAM,EFHK,H06,18L/36R,,KLG,149,0.00,2026-10-14 19:44:00,,,,,,,,,2026-10-14 19:49:00,2026-10-14 19:56:00,2026-10-14 19:20:00,2026-10-14 19:52:00,2026-10-14 19:54:00,2026-10-14 19:59:00,2026-10-14 20:08:00,2026-10-14 20:00:00,2026-10-14 20:08:00,,,TRUE
DL0174,2026-10-14 13:55:00,DL,N451NW,A333,H,DEPARTURE,EHAM,KATL,G09,06/24,,DNATA,106,0.00,2026-10-14 13:53:00,,,,,,,,,2026-10-14 13:50:00,2026-10-14 13:50:00,2026-10-14 13:17:00,2026-10-14 13:54:00,2026-10-14 13:55:00,2026-10-14 13:49:00,2026-10-14 14:12:00,2026-10-14 13:56:00,2026-10-14 14:14:00,,,TRUE
KL0175,2026-10-14 07:45:00,KL,PH-MKZ,B78X,H,DEPARTURE,EHAM,FACT,G05,18L/36R,,KLG,56,0.00,2026-10-14 07:45:00,,,,,,,,,2026-10-14 07:48:00,2026-10-14 07:50:00,2026-10-14 07:17:00,2026-10-14 07:49:00,2026-10-14 07:50:00,2026-10-14 07:49:00,2026-10-14 07:59:00,2026-10-14 07:51:00,2026-10-14 08:00:00,,,TRUE
KL0181,2026-10-14 15:20:00,KL,PH-LDA,A332,H,ARRIVAL,SBGR,EHAM,R04,18C/36C,RIVER,KLG,121,0.00,,,2026-10-14 03:34:47,2026-10-14 14:33:41,2026-10-14 15:05:00,2026-10-14 15:05:00,2026-10-14 15:07:00,2026-10-14 15:20:00,2026-10-14 15:20:00,,,,,,,,,,,,TRUE
DL0182,2026-10-14 14:05:00,DL,N696NW,B764,H,ARRIVAL,KSEA,EHAM,D54,18C/36C,SUGOL,DNATA,103,0.00,,,2026-10-14 04:29:38,2026-10-14 13:23:05,2026-10-14 13:57:00,2026-10-14 13:57:00,2026-10-14 13:59:00,2026-10-14 14:05:00,2026-10-14 14:05:00,,,,,,,,,,,,TRUE
KL0189,2026-10-14 17:25:00,KL,PH-DEJ,A332,H,ARRIVAL,GMMN,EHAM,G02,18C/36C,RIVER,KLG,39,0.00,,,2026-10-14 13:35:09,2026-10-14 16:43:26,2026-10-14 17:13:00,2026-10-14 17:13:00,2026-10-14 17:15:00,2026-10-14 17:25:00,2026-10-14 17:25:00,,,,,,,,,,,,TRUE
KL0196,2026-10-14 18:50:00,KL,PH-KQQ,A333,H,DEPARTURE,EHAM,LHBP,E08,18L/36R,,KLG,37,0.00,2026-10-14 18:51:00,,,,,,,,,2026-10-14 18:54:00,2026-10-14 19:03:00,2026-10-14 18:20:00,2026-10-14 18:52:00,2026-10-14 18:53:00,2026-10-14 19:01:00,2026-10-14 19:14:00,2026-10-14 19:04:00,2026-10-14 19:17:00,,,TRUE
DL0199,2026-10-14 16:35:00,DL,N182NW,A339,H,DEPARTURE,EHAM,KDTW,M04,06/24,,DNATA,73,0.00,2026-10-14 16:34:00,,,,,,,,,2026-10-14 16:34:00,2026-10-14 16:40:00,2026-10-14 16:01:00,2026-10-14 16:36:00,2026-10-14 16:37:00,2026-10-14 16:40:00,2026-10-14 16:50:00,2026-10-14 16:42:00,2026-10-14 16:53:00,,,TRUE
KL0200,2026-10-14 21:50:00,KL,PH-SMA,B77W,H,ARRIVAL,DNMM,EHAM,G02,18C/36C,RIVER,KLG,172,0.00,,,2026-10-14 14:58:12,2026-10-14 21:07:22,2026-10-14 21:39:00,2026-10-14 21:39:00,2026-10-14 21:41:00,2026-10-14 21:50:00,2026-10-14 21:50:00,,,,,,,,,,,,TRUE
AF0204,2026-10-14 06:40:00,AF,F-GBPM,A320,M,ARRIVAL,LFPG,EHAM,B30,18C/36C,ARTIP,DNATA,109,0.00,,,2026-10-14 05:11:15,2026-10-14 06:07:55,2026-10-14 06:31:00,2026-10-14 06:31:00,2026-10-14 06:33:00,2026-10-14 06:40:00,2026-10-14 06:40:00,,,,,,,,,,,,TRUE
KL0211,2026-10-14 13:35:00,KL,PH-WRM,E175,M,DEPARTURE,EHAM,LFPG,B35,18L/36R,,KLG,117,0.00,2026-10-14 13:33:00,,,,,,,,,2026-10-14 13:39:00,2026-10-14 13:39:00,2026-10-14 13:11:00,2026-10-14 13:35:00,2026-10-14 13:37:00,2026-10-14 13:38:00,2026-10-14 13:48:00,2026-10-14 13:39:00,2026-10-14 13:49:00,,,TRUE
KL0218,2026-10-14 09:25:00,KL,PH-KRY,A333,H,DEPARTURE,EHAM,VHHH,G09,18L/36R,,KLG,40,0.00,2026-10-14 09:25:00,,,,,,,,,2026-10-14 09:27:00,2026-10-14 09:28:00,2026-10-14 08:59:00,2026-10-14 09:29:00,2026-10-14 09:30:00,2026-10-14 09:27:00,2026-10-14 09:40:00,2026-10-14 09:30:00,2026-10-14 09:40:00,,,TRUE
AF0220,2026-10-14 16:50:00,AF,F-GXXC,A223,M,ARRIVAL,LFPG,EHAM,E22,18C/36C,SUGOL,DNATA,48,0.00,,,2026-10-14 15:22:53,2026-10-14 16:18:05,2026-10-14 16:40:00,2026-10-14 16:40:00,2026-10-14 16:42:00,2026-10-14 16:50:00,2026-10-14 16:50:00,,,,,,,,,,,,TRUE
AF0225,2026-10-14 18:20:00,AF,F-GLWF,A20N,M,DEPARTURE,EHAM,LFML,B16,18L/36R,,DNATA,38,0.00,2026-10-14 18:19:00,,,,,,,,,2026-10-14 18:18:00,2026-10-14 18:19:00,2026-10-14 17:46:00,2026-10-14 18:16:00,2026-10-14 18:18:00,2026-10-14 18:19:00,2026-10-14 18:26:00,2026-10-14 18:22:00,2026-10-14 18:27:00,,,TRUE
KL0231,2026-10-14 09:50:00,KL,PH-MSJ,B738,M,ARRIVAL,SBGR,EHAM,G05,18C/36C,RIVER,KLG,51,0.00,,,2026-10-13 22:07:03,2026-10-14 09:02:46,2026-10-14 09:39:00,2026-10-14 09:39:00,2026-10-14 09:41:00,2026-10-14 09:50:00,2026-10-14 09:50:00,,,,,,,,,,,,TRUE
DL0234,2026-10-14 12:20:00,DL,N275NW,B764,H,DEPARTURE,EHAM,KATL,D60,18L/36R,,DNATA,84,0.00,2026-10-14 12:19:00,,,,,,,,,2026-10-14 12:22:00,2026-10-14 12:22:00,2026-10-14 11:50:00,2026-10-14 12:23:00,2026-10-14 12:24:00,2026-10-14 12:22:00,2026-10-14 12:35:00,2026-10-14 12:26:00,2026-10-14 12:37:00,,,TRUE
KL0238,2026-10-14 18:25:00,KL,PH-ZFR,B77W,H,ARRIVAL,ENGM,EHAM,D10,18C/36C,RIVER,KLG,166,0.00,,,2026-10-14 16:34:35,2026-10-14 17:46:30,2026-10-14 18:13:00,2026-10-14 18:13:00,2026-10-14 18:15:00,2026-10-14 18:25:00,2026-10-14 18:25:00,,,,,,,,,,,,TRUE
HV0242,2026-10-14 16:02:00,HV,PH-H1Y,B738,M,DEPARTURE,EHAM,DAAG,F03,06/24,,AGS,28,0.00,2026-10-14 16:02:00,,,,,,,,,2026-10-14 16:08:00,2026-10-14 16:10:00,2026-10-14 15:42:00,2026-10-14 16:21:00,2026-10-14 16:22:00,2026-10-14 16:10:00,2026-10-14 16:29:00,2026-10-14 16:24:00,2026-10-14 16:29:00,,,TRUE
5X0244,2026-10-14 08:50:00,5X,N528UP,B763,H,DEPARTURE,EHAM,KSDF,R03,18L/36R,,MENZIES,33,0.00,2026-10-14 08:50:00,,,,,,,,,2026-10-14 08:50:00,2026-10-14 08:53:00,2026-10-14 08:16:00,2026-10-14 09:04:00,2026-10-14 09:06:00,2026-10-14 08:53:00,2026-10-14 09:16:00,2026-10-14 09:06:00,2026-10-14 09:16:00,,,TRUE
KL0245,2026-10-14 08:45:00,KL,PH-VWA,B772,H,ARRIVAL,ESSA,EHAM,E08,18C/36C,SUGOL,KLG,164,0.00,,,2026-10-14 06:32:05,2026-10-14 08:14:23,2026-10-14 08:32:00,2026-10-14 08:32:00,2026-10-14 08:34:00,2026-10-14 08:45:00,2026-10-14 08:45:00,,,,,,,,,,,,TRUE
HV0251,2026-10-14 15:29:00,HV,PH-H2D,B38M,M,DEPARTURE,EHAM,LEMD,B18,18L/36R,,AGS,38,0.00,2026-10-14 15:32:00,,,,,,,,,2026-10-14 15:34:00,2026-10-14 15:35:00,2026-10-14 15:00:00,2026-10-14 15:43:00,2026-10-14 15:44:00,2026-10-14 15:39:00,2026-10-14 15:50:00,2026-10-14 15:46:00,2026-10-14 15:53:00,,,TRUE
KL0255,2026-10-14 12:35:00,KL,PH-RVW,B737,M,DEPARTURE,EHAM,LEBL,E14,18L/36R,,KLG,120,0.00,2026-10-14 12:33:00,,,,,,,,,2026-10-14 12:33:00,2026-10-14 12:33:00,2026-10-14 12:04:00,2026-10-14 12:36:00,2026-10-14 12:38:00,2026-10-14 12:31:00,2026-10-14 12:45:00,2026-10-14 12:38:00,2026-10-14 12:46:00,,,TRUE
KL0256,2026-10-14 15:04:00,KL,PH-NSB,B772,H,DEPARTURE,EHAM,LSZH,D18,18L/36R,,KLG,44,0.00,2026-10-14 15:05:00,,,,,,,,,2026-10-14 15:05:00,2026-10-14 15:05:00,2026-10-14 14:35:00,2026-10-14 14:56:00,2026-10-14 14:58:00,2026-10-14 15:08:00,2026-10-14 15:22:00,2026-10-14 15:10:00,2026-10-14 15:23:00,,,TRUE
BA0261,2026-10-14 21:35:00,BA,G-EURJ,A321,M,DEPARTURE,EHAM,EGLL,M06,18L/36R,,MENZIES,30,3.76,2026-10-14 21:36:00,2026-10-14 21:45:00,,,,,,,,2026-10-14 21:32:00,2026-10-14 21:32:00,2026-10-14 21:05:00,2026-10-14 21:25:00,2026-10-14 21:25:00,2026-10-14 21:29:00,2026-10-14 21:48:00,2026-10-14 21:31:00,2026-10-14 21:48:00,,,TRUE
KL0267,2026-10-14 17:40:00,KL,PH-XZX,A359,H,DEPARTURE,EHAM,GCLP,D56,06/24,,KLG,142,0.00,2026-10-14 17:40:00,,,,,,,,,2026-10-14 17:40:00,2026-10-14 17:42:00,2026-10-14 17:09:00,2026-10-14 17:38:00,2026-10-14 17:40:00,2026-10-14 17:42:00,2026-10-14 17:54:00,2026-10-14 17:43:00,2026-10-14 17:56:00,,,TRUE
KL0270,2026-10-14 16:12:00,KL,PH-GTJ,A359,H,DEPARTURE,EHAM,SBGR,D82,18L/36R,,KLG,57,2.63,2026-10-14 16:13:00,2026-10-14 20:01:00,,,,,,,,2026-10-14 16:19:00,2026-10-14 16:25:00,2026-10-14 15:52:00,2026-10-14 16:12:00,2026-10-14 16:12:00,2026-10-14 16:24:00,2026-10-14 16:34:00,2026-10-14 16:26:00,2026-10-14 16:36:00,,,TRUE
W60277,2026-10-14 16:37:00,W6,HA-LVF,A21N,M,DEPARTURE,EHAM,LROP,B36,18L/36R,,AGS,36,2.84,2026-10-14 16:37:00,2026-10-14 18:38:00,,,,,,,,2026-10-14 16:40:00,2026-10-14 16:50:00,2026-10-14 16:12:00,2026-10-14 16:37:00,2026-10-14 16:38:00,2026-10-14 16:45:00,2026-10-14 16:53:00,2026-10-14 16:48:00,2026-10-14 16:54:00,,,TRUE
KL0280,2026-10-14 17:10:00,KL,PH-HAJ,B737,M,ARRIVAL,GCLP,EHAM,G04,18R/36L,NIRSI,KLG,129,0.00,,,2026-10-14 12:36:42,2026-10-14 16:34:34,2026-10-14 17:05:00,2026-10-14 17:05:00,2026-10-14 17:07:00,2026-10-14 17:10:00,2026-10-14 17:10:00,,,,,,,,,,,,TRUE
KL0285,2026-10-14 16:06:00,KL,PH-EQZ,B789,H,DEPARTURE,EHAM,EIDW,F06,18L/36R,,KLG,148,0.00,2026-10-14 16:08:00,,,,,,,,,2026-10-14 16:07:00,2026-10-14 16:15:00,2026-10-14 15:34:00,2026-10-14 16:07:00,2026-10-14 16:09:00,2026-10-14 16:14:00,2026-10-14 16:23:00,2026-10-14 16:17:00,2026-10-14 16:25:00,,,TRUE
KL0288,2026-10-14 10:45:00,KL,PH-QBQ,B77W,H,ARRIVAL,ZSPD,EHAM,R02,18C/36C,RIVER,KLG,62,0.00,,,2026-10-13 23:26:39,2026-10-14 10:08:48,2026-10-14 10:33:00,2026-10-14 10:33:00,2026-10-14 10:35:00,2026-10-14 10:45:00,2026-10-14 10:45:00,,,,,,,,,,,,TRUE
HV0293,2026-10-14 16:30:00,HV,PH-H0M,B38M,M,DEPARTURE,EHAM,LEBL,C05,18L/36R,,AGS,34,3.69,2026-10-14 16:34:00,2026-10-14 16:45:00,,,,,,,,2026-10-14 16:35:00,2026-10-14 16:40:00,2026-10-14 16:03:00,2026-10-14 16:28:00,2026-10-14 16:28:00,2026-10-14 16:38:00,2026-10-14 16:46:00,2026-10-14 16:40:00,2026-10-14 16:47:00,,,TRUE
KL0296,2026-10-14 11:20:00,KL,PH-BQV,B772,H,DEPARTURE,EHAM,KSFO,F06,06/24,,KLG,48,0.00,2026-10-14 11:20:00,,,,,,,,,2026-10-14 11:23:00,2026-10-14 11:23:00,2026-10-14 10:54:00,2026-10-14 11:19:00,2026-10-14 11:21:00,2026-10-14 11:22:00,2026-10-14 11:34:00,2026-10-14 11:23:00,2026-10-14 11:37:00,,,TRUE
KL0298,2026-10-14 21:15:00,KL,PH-SLY,A359,H,DEPARTURE,EHAM,KSEA,G02,18L/36R,,KLG,35,0.00,2026-10-14 21:15:00,,,,,,,,,2026-10-14 21:16:00,2026-10-14 21:16:00,2026-10-14 20:46:00,2026-10-14 21:19:00,2026-10-14 21:19:00,2026-10-14 21:17:00,2026-10-14 21:31:00,2026-10-14 21:21:00,2026-10-14 21:31:00,,,TRUE
KL0302,2026-10-14 14:50:00,KL,PH-CGU,B772,H,ARRIVAL,DAAG,EHAM,F06,18C/36C,SUGOL,KLG,114,0.00,,,2026-10-14 11:57:17,2026-10-14 14:15:52,2026-10-14 14:41:00,2026-10-14 14:41:00,2026-10-14 14:43:00,2026-10-14 14:50:00,2026-10-14 14:50:00,,,,,,,,,,,,TRUE
EZY0303,2026-10-14 21:45:00,EZY,G-EZMS,A319,M,ARRIVAL,EGGW,EHAM,M04,18C/36C,SUGOL,DNATA,15,0.00,,,2026-10-14 19:44:20,2026-10-14 21:15:54,2026-10-14 21:40:00,2026-10-14 21:40:00,2026-10-14 21:42:00,2026-10-14 21:45:00,2026-10-14 21:45:00,,,,,,,,,,,,TRUE
EZY0309,2026-10-14 17:55:00,EZY,G-EZHR,A320,M,DEPARTURE,EHAM,LIMC,B16,18L/36R,,MENZIES,37,0.00,2026-10-14 17:57:00,,,,,,,,,2026-10-14 18:18:00,2026-10-14 18:28:00,2026-10-14 17:47:00,2026-10-14 18:22:00,2026-10-14 18:22:00,2026-10-14 18:31:00,2026-10-14 18:35:00,2026-10-14 18:33:00,2026-10-14 18:37:00,,,TRUE
KL0311,2026-10-14 19:10:00,KL,PH-RXR,B738,M,ARRIVAL,LOWW,EHAM,B17,18C/36C,SUGOL,KLG,37,0.00,,,2026-10-14 17:11:10,2026-10-14 18:37:08,2026-10-14 19:00:00,2026-10-14 19:00:00,2026-10-14 19:02:00,2026-10-14 19:10:00,2026-10-14 19:10:00,,,,,,,,,,,,TRUE
KL0318,2026-10-14 20:10:00,KL,PH-CMN,E190,M,DEPARTURE,EHAM,VHHH,M06,06/24,,KLG,154,2.74,2026-10-14 20:11:00,2026-10-14 20:26:00,,,,,,,,2026-10-14 20:13:00,2026-10-14 20:13:00,2026-10-14 19:41:00,2026-10-14 20:17:00,2026-10-14 20:19:00,2026-10-14 20:10:00,2026-10-14 20:24:00,2026-10-14 20:18:00,2026-10-14 20:24:00,,,TRUE
AF0319,2026-10-14 21:45:00,AF,F-GUEY,A20N,M,ARRIVAL,LFPG,EHAM,C05,18C/36C,RIVER,DNATA,35,0.00,,,2026-10-14 20:17:38,2026-10-14 21:10:06,2026-10-14 21:35:00,2026-10-14 21:35:00,2026-10-14 21:37:00,2026-10-14 21:45:00,2026-10-14 21:45:00,,,,,,,,,,,,TRUE
DL0323,2026-10-14 16:40:00,DL,N163NW,A359,H,DEPARTURE,EHAM,KSEA,D84,06/24,,DNATA,36,0.00,2026-10-14 16:40:00,,,,,,,,,2026-10-14 16:43:00,2026-10-14 16:47:00,2026-10-14 16:16:00,2026-10-14 16:37:00,2026-10-14 16:38:00,2026-10-14 16:49:00,2026-10-14 17:01:00,2026-10-14 16:50:00,2026-10-14 17:02:00,,,TRUE
KL0329,2026-10-14 08:35:00,KL,PH-DAC,A332,H,DEPARTURE,EHAM,HAAB,D80,18L/36R,,KLG,46,0.00,2026-10-14 08:35:00,,,,,,,,,2026-10-14 08:31:00,2026-10-14 08:40:00,2026-10-14 08:06:00,2026-10-14 08:26:00,2026-10-14 08:28:00,2026-10-14 08:40:00,2026-10-14 08:48:00,2026-10-14 08:43:00,2026-10-14 08:49:00,,,TRUE
HV0332,2026-10-14 13:05:00,HV,PH-H6V,B738,M,ARRIVAL,LGAV,EHAM,C16,18R/36L,NIRSI,AGS,17,0.00,,,2026-10-14 09:33:59,2026-10-14 12:27:24,2026-10-14 12:52:00,2026-10-14 12:52:00,2026-10-14 12:54:00,2026-10-14 13:05:00,2026-10-14 13:05:00,,,,,,,,,,,,TRUE
BA0334,2026-10-14 21:10:00,BA,G-EULN,A320,M,DEPARTURE,EHAM,EGLL,M01,18L/36R,,MENZIES,12,0.00,2026-10-14 21:09:00,,,,,,,,,2026-10-14 21:20:00,2026-10-14 21:20:00,2026-10-14 20:45:00,2026-10-14 21:19:00,2026-10-14 21:21:00,2026-10-14 21:23:00,2026-10-14 21:37:00,2026-10-14 21:26:00,2026-10-14 21:38:00,,,TRUE
DL0337,2026-10-14 17:20:00,DL,N617NW,A333,H,DEPARTURE,EHAM,KSEA,D84,18L/36R,,DNATA,84,0.00,2026-10-14 17:21:00,,,,,,,,,2026-10-14 17:18:00,2026-10-14 17:24:00,2026-10-14 16:52:00,2026-10-14 17:24:00,2026-10-14 17:25:00,2026-10-14 17:22:00,2026-10-14 17:36:00,2026-10-14 17:25:00,2026-10-14 17:37:00,,,TRUE
TK0343,2026-10-14 06:40:00,TK,TC-JVK,A333,H,ARRIVAL,LTBA,EHAM,D02,18C/36C,RIVER,DNATA,77,0.00,,,2026-10-14 02:59:46,2026-10-14 06:06:45,2026-10-14 06:32:00,2026-10-14 06:32:00,2026-10-14 06:34:00,2026-10-14 06:40:00,2026-10-14 06:40:00,,,,,,,,,,,,TRUE
AF0349,2026-10-14 13:25:00,AF,F-GFLT,A223,M,DEPARTURE,EHAM,LFML,B23,18L/36R,,DNATA,120,4.18,2026-10-14 13:25:00,2026-10-14 13:31:00,,,,,,,,2026-10-14 13:20:00,2026-10-14 13:20:00,2026-10-14 12:53:00,2026-10-14 13:19:00,2026-10-14 13:20:00,2026-10-14 13:18:00,2026-10-14 13:25:00,2026-10-14 13:22:00,2026-10-14 13:25:00,,,TRUE
KL0350,2026-10-14 06:20:00,KL,PH-QVF,A359,H,ARRIVAL,HAAB,EHAM,G03,18C/36C,SUGOL,KLG,155,0.00,,,2026-10-13 22:19:20,2026-10-14 05:39:15,2026-10-14 06:09:00,2026-10-14 06:09:00,2026-10-14 06:11:00,2026-10-14 06:20:00,2026-10-14 06:20:00,,,,,,,,,,,,TRUE
HV0356,2026-10-14 07:55:00,HV,PH-H9T,B38M,M,ARRIVAL,LIMC,EHAM,D02,18R/36L,NIRSI,AGS,26,0.00,,,2026-10-14 05:53:09,2026-10-14 07:13:19,2026-10-14 07:39:00,2026-10-14 07:39:00,2026-10-14 07:41:00,2026-10-14 07:55:00,2026-10-14 07:55:00,,,,,,,,,,,,TRUE
KL0358,2026-10-14 14:30:00,KL,PH-JHT,B737,M,ARRIVAL,DAAG,EHAM,R02,18R/36L,NIRSI,KLG,126,0.00,,,2026-10-14 11:41:26,2026-10-14 14:05:04,2026-10-14 14:26:00,2026-10-14 14:26:00,2026-10-14 14:28:00,2026-10-14 14:30:00,2026-10-14 14:30:00,,,,,,,,,,,,TRUE
KL0364,2026-10-14 15:25:00,KL,PH-MCQ,B772,H,ARRIVAL,EKCH,EHAM,D08,18C/36C,RIVER,KLG,132,0.00,,,2026-10-14 13:57:31,2026-10-14 14:57:47,2026-10-14 15:18:00,2026-10-14 15:18:00,2026-10-14 15:20:00,2026-10-14 15:25:00,2026-10-14 15:25:00,,,,,,,,,,,,TRUE
KL0369,2026-10-14 18:40:00,KL,PH-JWE,B737,M,ARRIVAL,KLAX,EHAM,F04,18C/36C,SUGOL,KLG,102,0.00,,,2026-10-14 08:21:38,2026-10-14 17:54:29,2026-10-14 18:31:00,2026-10-14 18:31:00,2026-10-14 18:33:00,2026-10-14 18:40:00,2026-10-14 18:40:00,,,,,,,,,,,,TRUE
KL0372,2026-10-14 18:50:00,KL,PH-AZC,B789,H,DEPARTURE,EHAM,LEMD,D10,18L/36R,,KLG,39,0.00,2026-10-14 18:50:00,,,,,,,,,2026-10-14 18:49:00,2026-10-14 18:50:00,2026-10-14 18:19:00,2026-10-14 18:46:00,2026-10-14 18:47:00,2026-10-14 18:51:00,2026-10-14 19:01:00,2026-10-14 18:54:00,2026-10-14 19:03:00,,,TRUE
KL0376,2026-10-14 19:00:00,KL,PH-WMJ,B789,H,ARRIVAL,RKSI,EHAM,D80,18C/36C,RIVER,KLG,132,0.00,,,2026-10-14 07:46:24,2026-10-14 18:18:42,2026-10-14 18:50:00,2026-10-14 18:50:00,2026-10-14 18:52:00,2026-10-14 19:00:00,2026-10-14 19:00:00,,,,,,,,,,,,TRUE
KL0377,2026-10-14 06:00:00,KL,PH-PYE,E190,M,ARRIVAL,EGKK,EHAM,R08,18R/36L,NIRSI,KLG,39,0.00,,,2026-10-14 04:44:00,2026-10-14 05:25:55,2026-10-14 05:51:00,2026-10-14 05:51:00,2026-10-14 05:53:00,2026-10-14 06:00:00,2026-10-14 06:00:00,,,,,,,,,,,,TRUE
LH0379,2026-10-14 09:00:00,LH,D-AIDU,A319,M,DEPARTURE,EHAM,EDDF,B29,18L/36R,,DNATA,22,0.00,2026-10-14 09:04:00,,,,,,,,,2026-10-14 09:08:00,2026-10-14 09:11:00,2026-10-14 08:42:00,2026-10-14 09:11:00,2026-10-14 09:12:00,2026-10-14 09:08:00,2026-10-14 09:16:00,2026-10-14 09:13:00,2026-10-14 09:19:00,,,TRUE
KL0384,2026-10-14 13:15:00,KL,PH-NUP,B772,H,ARRIVAL,GCLP,EHAM,G08,18C/36C,SUGOL,KLG,48,0.00,,,2026-10-14 08:33:22,2026-10-14 12:29:03,2026-10-14 13:04:00,2026-10-14 13:04:00,2026-10-14 13:06:00,2026-10-14 13:15:00,2026-10-14 13:15:00,,,,,,,,,,,,TRUE
KL0388,2026-10-14 20:40:00,KL,PH-CKC,B738,M,DEPARTURE,EHAM,KLAX,D54,18L/36R,,KLG,148,2.81,2026-10-14 20:40:00,2026-10-14 20:58:00,,,,,,,,2026-10-14 20:38:00,2026-10-14 20:38:00,2026-10-14 20:07:00,2026-10-14 20:45:00,2026-10-14 20:46:00,2026-10-14 20:41:00,2026-10-14 20:56:00,2026-10-14 20:47:00,2026-10-14 20:59:00,,,TRUE
KL0391,2026-10-14 16:10:00,KL,PH-PJS,E190,M,ARRIVAL,VABB,EHAM,D50,18C/36C,RIVER,KLG,153,0.00,,,2026-10-14 08:06:03,2026-10-14 15:33:58,2026-10-14 16:01:00,2026-10-14 16:01:00,2026-10-14 16:03:00,2026-10-14 16:10:00,2026-10-14 16:10:00,,,,,,,,,,,,TRUE
KL0395,2026-10-14 13:45:00,KL,PH-EFB,B77W,H,ARRIVAL,HAAB,EHAM,D88,18C/36C,RIVER,KLG,78,0.00,,,2026-10-14 05:48:51,2026-10-14 13:06:57,2026-10-14 13:37:00,2026-10-14 13:37:00,2026-10-14 13:39:00,2026-10-14 13:45:00,2026-10-14 13:45:00,,,,,,,,,,,,TRUE
KL0401,2026-10-14 16:40:00,KL,PH-CTQ,B78X,H,DEPARTURE,EHAM,MMUN,D58,06/24,,KLG,65,0.00,2026-10-14 16:40:00,,,,,,,,,2026-10-14 16:49:00,2026-10-14 16:56:00,2026-10-14 16:22:00,2026-10-14 17:06:00,2026-10-14 17:08:00,2026-10-14 16:55:00,2026-10-14 17:12:00,2026-10-14 17:08:00,2026-10-14 17:12:00,,,TRUE
KL0407,2026-10-14 15:00:00,KL,PH-CBH,B772,H,DEPARTURE,EHAM,EPWA,E18,18L/36R,,KLG,98,0.00,2026-10-14 14:59:00,,,,,,,,,2026-10-14 15:05:00,2026-10-14 15:05:00,2026-10-14 14:33:00,2026-10-14 15:02:00,2026-10-14 15:03:00,2026-10-14 15:04:00,2026-10-14 15:13:00,2026-10-14 15:06:00,2026-10-14 15:13:00,,,TRUE
KL0414,2026-10-14 18:25:00,KL,PH-LPD,E190,M,DEPARTURE,EHAM,HKJK,G08,18L/36R,,KLG,39,0.00,2026-10-14 18:24:00,,,,,,,,,2026-10-14 18:27:00,2026-10-14 18:36:00,2026-10-14 18:01:00,2026-10-14 18:33:00,2026-10-14 18:34:00,2026-10-14 18:39:00,2026-10-14 18:52:00,2026-10-14 18:40:00,2026-10-14 18:54:00,,,TRUE
KL0418,2026-10-14 08:35:00,KL,PH-GNM,B738,M,DEPARTURE,EHAM,KIAH,F02,18L/36R,,KLG,83,0.00,2026-10-14 08:35:00,,,,,,,,,2026-10-14 08:42:00,2026-10-14 08:51:00,2026-10-14 08:16:00,2026-10-14 08:40:00,2026-10-14 08:40:00,2026-10-14 08:49:00,2026-10-14 08:56:00,2026-10-14 08:50:00,2026-10-14 08:59:00,,,TRUE
KL0423,2026-10-14 15:30:00,KL,PH-BVV,A333,H,ARRIVAL,KORD,EHAM,R03,18C/36C,RIVER,KLG,117,0.00,,,2026-10-14 07:18:26,2026-10-14 14:43:41,2026-10-14 15:15:00,2026-10-14 15:15:00,2026-10-14 15:17:00,2026-10-14 15:30:00,2026-10-14 15:30:00,,,,,,,,,,,,TRUE
KL0427,2026-10-14 21:15:00,KL,PH-LNJ,B737,M,DEPARTURE,EHAM,KIAD,R08,06/24,,KLG,159,3.13,2026-10-14 21:15:00,2026-10-14 21:25:00,,,,,,,,2026-10-14 21:16:00,2026-10-14 21:16:00,2026-10-14 20:43:00,2026-10-14 21:15:00,2026-10-14 21:17:00,2026-10-14 21:14:00,2026-10-14 21:26:00,2026-10-14 21:17:00,2026-10-14 21:27:00,,,TRUE
AF0433,2026-10-14 13:10:00,AF,F-GRTK,A20N,M,ARRIVAL,LFLL,EHAM,D22,18C/36C,RIVER,DNATA,119,0.00,,,2026-10-14 10:58:55,2026-10-14 12:36:17,2026-10-14 13:00:00,2026-10-14 13:00:00,2026-10-14 13:02:00,2026-10-14 13:10:00,2026-10-14 13:10:00,,,,,,,,,,,,TRUE
KL0435,2026-10-14 18:00:00,KL,PH-LKL,B77W,H,ARRIVAL,VIDP,EHAM,G04,18C/36C,RIVER,KLG,170,0.00,,,2026-10-14 10:04:00,2026-10-14 17:17:48,2026-10-14 17:48:00,2026-10-14 17:48:00,2026-10-14 17:50:00,2026-10-14 18:00:00,2026-10-14 18:00:00,,,,,,,,,,,,TRUE
TK0436,2026-10-14 21:45:00,TK,TC-JVN,A333,H,ARRIVAL,LTBA,EHAM,E18,18C/36C,SUGOL,AGS,115,0.00,,,2026-10-14 17:54:29,2026-10-14 21:15:17,2026-10-14 21:39:00,2026-10-14 21:39:00,2026-10-14 21:41:00,2026-10-14 21:45:00,2026-10-14 21:45:00,,,,,,,,,,,,TRUE
W60443,2026-10-14 12:10:00,W6,HA-LVD,A320,M,DEPARTURE,EHAM,LROP,B20,06/24,,AGS,40,0.00,2026-10-14 12:17:00,,,,,,,,,2026-10-14 12:21:00,2026-10-14 12:21:00,2026-10-14 11:47:00,2026-10-14 12:17:00,2026-10-14 12:18:00,2026-10-14 12:19:00,2026-10-14 12:32:00,2026-10-14 12:20:00,2026-10-14 12:33:00,,,TRUE
KL0449,2026-10-14 06:20:00,KL,PH-LVV,B789,H,ARRIVAL,KORD,EHAM,M02,18C/36C,SUGOL,KLG,86,0.00,,,2026-10-13 22:18:36,2026-10-14 05:41:10,2026-10-14 06:10:00,2026-10-14 06:10:00,2026-10-14 06:12:00,2026-10-14 06:20:00,2026-10-14 06:20:00,,,,,,,,,,,,TRUE
KL0450,2026-10-14 18:50:00,KL,PH-APC,E195,M,ARRIVAL,KIAD,EHAM,G09,18C/36C,RIVER,KLG,80,0.00,,,2026-10-14 11:37:19,2026-10-14 18:10:57,2026-10-14 18:42:00,2026-10-14 18:42:00,2026-10-14 18:44:00,2026-10-14 18:50:00,2026-10-14 18:50:00,,,,,,,,,,,,TRUE
KL0453,2026-10-14 15:30:00,KL,PH-BJQ,B737,M,DEPARTURE,EHAM,VTBS,M04,18L/36R,,KLG,87,0.00,2026-10-14 15:31:00,,,,,,,,,2026-10-14 15:29:00,2026-10-14 15:29:00,2026-10-14 15:02:00,2026-10-14 15:35:00,2026-10-14 15:37:00,2026-10-14 15:31:00,2026-10-14 15:47:00,2026-10-14 15:37:00,2026-10-14 15:47:00,,,TRUE
KL0457,2026-10-14 10:30:00,KL,PH-GGE,B772,H,DEPARTURE,EHAM,EKCH,D16,18L/36R,,KLG,148,0.00,2026-10-14 10:29:00,,,,,,,,,2026-10-14 10:35:00,2026-10-14 10:45:00,2026-10-14 10:04:00,2026-10-14 10:35:00,2026-10-14 10:37:00,2026-10-14 10:45:00,2026-10-14 11:00:00,2026-10-14 10:48:00,2026-10-14 11:00:00,,,TRUE
KL0464,2026-10-14 16:32:00,KL,PH-UDK,E195,M,DEPARTURE,EHAM,LIRF,E10,18L/36R,,KLG,127,0.00,2026-10-14 16:32:00,,,,,,,,,2026-10-14 16:40:00,2026-10-14 16:40:00,2026-10-14 16:09:00,2026-10-14 16:42:00,2026-10-14 16:43:00,2026-10-14 16:42:00,2026-10-14 16:51:00,2026-10-14 16:44:00,2026-10-14 16:54:00,,,TRUE
KL0469,2026-10-14 12:20:00,KL,PH-GQG,A333,H,DEPARTURE,EHAM,HAAB,D52,06/24,,KLG,45,0.00,2026-10-14 12:21:00,,,,,,,,,2026-10-14 12:23:00,2026-10-14 12:23:00,2026-10-14 11:50:00,2026-10-14 12:19:00,2026-10-14 12:20:00,2026-10-14 12:24:00,2026-10-14 12:37:00,2026-10-14 12:26:00,2026-10-14 12:37:00,,,TRUE
LH0472,2026-10-14 17:00:00,LH,D-AIRV,A319,M,ARRIVAL,EDDF,EHAM,B36,18C/36C,ARTIP,MENZIES,12,0.00,,,2026-10-14 15:52:21,2026-10-14 16:26:47,2026-10-14 16:51:00,2026-10-14 16:51:00,2026-10-14 16:53:00,2026-10-14 17:00:00,2026-10-14 17:00:00,,,,,,,,,,,,TRUE
DL0476,2026-10-14 09:15:00,DL,N346NW,A333,H,DEPARTURE,EHAM,KATL,G07,18L/36R,,DNATA,58,0.00,2026-10-14 09:14:00,,,,,,,,,2026-10-14 09:12:00,2026-10-14 09:15:00,2026-10-14 08:38:00,2026-10-14 09:14:00,2026-10-14 09:15:00,2026-10-14 09:15:00,2026-10-14 09:30:00,2026-10-14 09:17:00,2026-10-14 09:32:00,,,TRUE
KL0483,2026-10-14 18:20:00,KL,PH-HBV,B789,H,DEPARTURE,EHAM,LSZH,E14,18L/36R,,KLG,36,0.00,2026-10-14 18:19:00,,,,,,,,,2026-10-14 18:15:00,2026-10-14 18:22:00,2026-10-14 17:40:00,2026-10-14 18:11:00,2026-10-14 18:11:00,2026-10-14 18:23:00,2026-10-14 18:33:00,2026-10-14 18:25:00,2026-10-14 18:35:00,,,TRUE
KL0489,2026-10-14 17:50:00,KL,PH-HZK,A359,H,DEPARTURE,EHAM,LOWW,D24,18L/36R,,KLG,44,0.00,2026-10-14 17:50:00,,,,,,,,,2026-10-14 17:52:00,2026-10-14 18:01:00,2026-10-14 17:22:00,2026-10-14 18:03:00,2026-10-14 18:04:00,2026-10-14 18:02:00,2026-10-14 18:14:00,2026-10-14 18:06:00,2026-10-14 18:16:00,,,TRUE
KL0494,2026-10-14 16:00:00,KL,PH-AQJ,E190,M,DEPARTURE,EHAM,ZSPD,D86,06/24,,KLG,137,1.76,2026-10-14 16:00:00,2026-10-14 07:48:00,,,,,,,,2026-10-14 15:57:00,2026-10-14 16:05:00,2026-10-14 15:31:00,2026-10-14 15:54:00,2026-10-14 15:56:00,2026-10-14 16:03:00,2026-10-14 16:16:00,2026-10-14 16:05:00,2026-10-14 16:17:00,,,TRUE
HV0498,2026-10-14 07:40:00,HV,PH-H1P,B738,M,ARRIVAL,GCLP,EHAM,G02,18C/36C,RIVER,AGS,10,0.00,,,2026-10-14 03:02:13,2026-10-14 07:01:00,2026-10-14 07:31:00,2026-10-14 07:31:00,2026-10-14 07:33:00,2026-10-14 07:40:00,2026-10-14 07:40:00,,,,,,,,,,,,TRUE
EZY0503,2026-10-14 17:15:00,EZY,G-EZXD,A320,M,ARRIVAL,EGKK,EHAM,F05,18C/36C,ARTIP,AGS,7,0.00,,,2026-10-14 15:46:57,2026-10-14 16:39:21,2026-10-14 17:04:00,2026-10-14 17:04:00,2026-10-14 17:06:00,2026-10-14 17:15:00,2026-10-14 17:15:00,,,,,,,,,,,,TRUE
HV0509,2026-10-14 18:45:00,HV,PH-H1V,B738,M,ARRIVAL,LGAV,EHAM,D30,18C/36C,SUGOL,AGS,26,0.00,,,2026-10-14 15:20:19,2026-10-14 18:15:24,2026-10-14 18:36:00,2026-10-14 18:36:00,2026-10-14 18:38:00,2026-10-14 18:45:00,2026-10-14 18:45:00,,,,,,,,,,,,TRUE
KL0514,2026-10-14 13:00:00,KL,PH-QKJ,A333,H,ARRIVAL,EIDW,EHAM,M04,18C/36C,RIVER,KLG,48,0.00,,,2026-10-14 11:18:03,2026-10-14 12:30:18,2026-10-14 12:55:00,2026-10-14 12:55:00,2026-10-14 12:57:00,2026-10-14 13:00:00,2026-10-14 13:00:00,,,,,,,,,,,,TRUE
HV0520,2026-10-14 06:50:00,HV,PH-H5N,B38M,M,ARRIVAL,LEMD,EHAM,B16,18C/36C,SUGOL,AGS,21,0.00,,,2026-10-14 04:18:47,2026-10-14 06:19:20,2026-10-14 06:38:00,2026-10-14 06:38:00,2026-10-14 06:40:00,2026-10-14 06:50:00,2026-10-14 06:50:00,,,,,,,,,,,,TRUE
KL0526,2026-10-14 16:10:00,KL,PH-XZE,A359,H,ARRIVAL,VABB,EHAM,D84,18C/36C,SUGOL,KLG,171,0.00,,,2026-10-14 08:09:53,2026-10-14 15:22:16,2026-10-14 16:02:00,2026-10-14 16:02:00,2026-10-14 16:04:00,2026-10-14 16:10:00,2026-10-14 16:10:00,,,,,,,,,,,,TRUE
KL0527,2026-10-14 15:55:00,KL,PH-WFS,B789,H,ARRIVAL,LOWW,EHAM,D22,18C/36C,RIVER,KLG,130,0.00,,,2026-10-14 13:53:10,2026-10-14 15:19:25,2026-10-14 15:44:00,2026-10-14 15:44:00,2026-10-14 15:46:00,2026-10-14 15:55:00,2026-10-14 15:55:00,,,,,,,,,,,,TRUE
KL0532,2026-10-14 19:30:00,KL,PH-RZW,E190,M,ARRIVAL,LEBL,EHAM,C06,18C/36C,SUGOL,KLG,40,0.00,,,2026-10-14 17:22:26,2026-10-14 18:55:41,2026-10-14 19:20:00,2026-10-14 19:20:00,2026-10-14 19:22:00,2026-10-14 19:30:00,2026-10-14 19:30:00,,,,,,,,,,,,TRUE
KL0539,2026-10-14 13:25:00,KL,PH-DXH,B77W,H,DEPARTURE,EHAM,LEBL,E06,06/24,,KLG,77,0.00,2026-10-14 13:25:00,,,,,,,,,2026-10-14 13:32:00,2026-10-14 13:32:00,2026-10-14 13:04:00,2026-10-14 13:28:00,2026-10-14 13:29:00,2026-10-14 13:32:00,2026-10-14 13:41:00,2026-10-14 13:33:00,2026-10-14 13:41:00,,,TRUE
HV0542,2026-10-14 15:59:00,HV,PH-H5S,B738,M,DEPARTURE,EHAM,LFPG,B36,06/24,,AGS,12,0.00,2026-10-14 16:10:00,,,,,,,,,2026-10-14 16:22:00,2026-10-14 16:30:00,2026-10-14 15:52:00,2026-10-14 16:25:00,2026-10-14 16:26:00,2026-10-14 16:29:00,2026-10-14 16:42:00,2026-10-14 16:31:00,2026-10-14 16:44:00,,,TRUE
KL0546,2026-10-14 18:30:00,KL,PH-WGG,A332,H,DEPARTURE,EHAM,ENGM,E18,06/24,,KLG,135,0.00,2026-10-14 18:31:00,,,,,,,,,2026-10-14 18:32:00,2026-10-14 18:39:00,2026-10-14 17:57:00,2026-10-14 18:36:00,2026-10-14 18:38:00,2026-10-14 18:36:00,2026-10-14 18:47:00,2026-10-14 18:38:00,2026-10-14 18:47:00,,,TRUE
KL0549,2026-10-14 16:11:00,KL,PH-FKX,B77W,H,DEPARTURE,EHAM,LHBP,E20,18L/36R,,KLG,23,0.00,2026-10-14 16:11:00,,,,,,,,,2026-10-14 16:10:00,2026-10-14 16:10:00,2026-10-14 15:37:00,2026-10-14 16:11:00,2026-10-14 16:13:00,2026-10-14 16:09:00,2026-10-14 16:24:00,2026-10-14 16:13:00,2026-10-14 16:26:00,,,TRUE
AF0556,2026-10-14 15:25:00,AF,F-GZGK,A319,M,ARRIVAL,LFML,EHAM,D22,09/27,ARTIP,DNATA,62,0.00,,,2026-10-14 13:18:10,2026-10-14 14:43:31,2026-10-14 15:10:00,2026-10-14 15:10:00,2026-10-14 15:12:00,2026-10-14 15:25:00,2026-10-14 15:25:00,,,,,,,,,,,,TRUE
HV0561,2026-10-14 12:10:00,HV,PH-H0W,B738,M,DEPARTURE,EHAM,LEBL,E02,18L/36R,,AGS,16,0.00,2026-10-14 12:11:00,,,,,,,,,2026-10-14 12:16:00,2026-10-14 12:16:00,2026-10-14 11:44:00,2026-10-14 12:12:00,2026-10-14 12:13:00,2026-10-14 12:15:00,2026-10-14 12:28:00,2026-10-14 12:18:00,2026-10-14 12:29:00,,,TRUE
LH0563,2026-10-14 13:40:00,LH,D-AIND,A21N,M,DEPARTURE,EHAM,EDDM,D16,18L/36R,,MENZIES,0,1.67,2026-10-14 13:46:00,2026-10-14 14:08:00,,,,,,,,2026-10-14 13:48:00,2026-10-14 13:48:00,2026-10-14 13:15:00,2026-10-14 13:52:00,2026-10-14 13:53:00,2026-10-14 13:49:00,2026-10-14 13:59:00,2026-10-14 13:53:00,2026-10-14 14:02:00,,,TRUE
TK0570,2026-10-14 17:50:00,TK,TC-JVF,A321,M,ARRIVAL,LTBA,EHAM,C04,09/27,ARTIP,MENZIES,85,0.00,,,2026-10-14 14:03:39,2026-10-14 17:20:54,2026-10-14 17:41:00,2026-10-14 17:41:00,2026-10-14 17:43:00,2026-10-14 17:50:00,2026-10-14 17:50:00,,,,,,,,,,,,TRUE
KL0574,2026-10-14 16:55:00,KL,PH-NNX,A332,H,ARRIVAL,LIMC,EHAM,D02,18C/36C,RIVER,KLG,38,0.00,,,2026-10-14 14:57:27,2026-10-14 16:24:20,2026-10-14 16:47:00,2026-10-14 16:47:00,2026-10-14 16:49:00,2026-10-14 16:55:00,2026-10-14 16:55:00,,,,,,,,,,,,TRUE
KL0579,2026-10-14 12:00:00,KL,PH-KGZ,A359,H,DEPARTURE,EHAM,EPWA,D10,06/24,,KLG,56,3.20,2026-10-14 12:01:00,2026-10-14 12:36:00,,,,,,,,2026-10-14 12:11:00,2026-10-14 12:11:00,2026-10-14 11:37:00,2026-10-14 12:12:00,2026-10-14 12:13:00,2026-10-14 12:12:00,2026-10-14 12:26:00,2026-10-14 12:14:00,2026-10-14 12:28:00,,,TRUE
KL0584,2026-10-14 11:55:00,KL,PH-RQL,B739,M,DEPARTURE,EHAM,LOWW,B19,18L/36R,,KLG,104,0.00,2026-10-14 11:56:00,,,,,,,,,2026-10-14 11:57:00,2026-10-14 11:57:00,2026-10-14 11:26:00,2026-10-14 11:56:00,2026-10-14 11:58:00,2026-10-14 11:58:00,2026-10-14 12:05:00,2026-10-14 12:00:00,2026-10-14 12:07:00,,,TRUE
KL0589,2026-10-14 20:35:00,KL,PH-JZW,E190,M,DEPARTURE,EHAM,VIDP,G04,18L/36R,,KLG,144,0.00,2026-10-14 20:37:00,,,,,,,,,2026-10-14 20:34:00,2026-10-14 20:34:00,2026-10-14 20:03:00,2026-10-14 20:36:00,2026-10-14 20:36:00,2026-10-14 20:32:00,2026-10-14 20:48:00,2026-10-14 20:37:00,2026-10-14 20:50:00,,,TRUE
KL0592,2026-10-14 10:35:00,KL,PH-FFU,A332,H,ARRIVAL,ESSA,EHAM,E20,18C/36C,RIVER,KLG,121,0.00,,,2026-10-14 08:13:25,2026-10-14 10:07:26,2026-10-14 10:27:00,2026-10-14 10:27:00,2026-10-14 10:29:00,2026-10-14 10:35:00,2026-10-14 10:35:00,,,,,,,,,,,,TRUE
KL0597,2026-10-14 11:00:00,KL,PH-ZJU,E175,M,DEPARTURE,EHAM,KSFO,D58,18L/36R,,KLG,112,0.00,2026-10-14 10:59:00,,,,,,,,,2026-10-14 11:04:00,2026-10-14 11:04:00,2026-10-14 10:33:00,2026-10-14 11:05:00,2026-10-14 11:06:00,2026-10-14 11:04:00,2026-10-14 11:16:00,2026-10-14 11:08:00,2026-10-14 11:18:00,,,TRUE
AF0603,2026-10-14 15:50:00,AF,F-GRXR,A20N,M,ARRIVAL,LFML,EHAM,B32,18C/36C,SUGOL,DNATA,49,0.00,,,2026-10-14 13:34:58,2026-10-14 15:10:10,2026-10-14 15:38:00,2026-10-14 15:38:00,2026-10-14 15:40:00,2026-10-14 15:50:00,2026-10-14 15:50:00,,,,,,,,,,,,TRUE
KL0606,2026-10-14 08:00:00,KL,PH-CGQ,B738,M,ARRIVAL,EKCH,EHAM,B31,18C/36C,SUGOL,KLG,34,0.00,,,2026-10-14 06:24:29,2026-10-14 07:28:18,2026-10-14 07:47:00,2026-10-14 07:47:00,2026-10-14 07:49:00,2026-10-14 08:00:00,2026-10-14 08:00:00,,,,,,,,,,,,TRUE
DL0611,2026-10-14 21:45:00,DL,N210NW,A339,H,DEPARTURE,EHAM,KJFK,G04,18L/36R,,DNATA,79,0.00,2026-10-14 21:44:00,,,,,,,,,2026-10-14 21:46:00,2026-10-14 21:46:00,2026-10-14 21:13:00,2026-10-14 21:42:00,2026-10-14 21:43:00,2026-10-14 21:48:00,2026-10-14 21:58:00,2026-10-14 21:49:00,2026-10-14 22:01:00,,,TRUE
KL0612,2026-10-14 13:30:00,KL,PH-TPJ,A332,H,DEPARTURE,EHAM,RKSI,M07,18L/36R,,KLG,167,0.00,2026-10-14 13:30:00,,,,,,,,,2026-10-14 13:32:00,2026-10-14 13:32:00,2026-10-14 13:02:00,2026-10-14 13:30:00,2026-10-14 13:30:00,2026-10-14 13:32:00,2026-10-14 13:44:00,2026-10-14 13:35:00,2026-10-14 13:45:00,,,TRUE
KL0615,2026-10-14 15:53:00,KL,PH-MYN,B772,H,DEPARTURE,EHAM,EKCH,D24,18L/36R,,KLG,162,4.22,2026-10-14 15:53:00,2026-10-14 19:39:00,,,,,,,,2026-10-14 15:57:00,2026-10-14 16:05:00,2026-10-14 15:23:00,2026-10-14 15:59:00,2026-10-14 16:00:00,2026-10-14 16:06:00,2026-10-14 16:12:00,2026-10-14 16:08:00,2026-10-14 16:14:00,,,TRUE
DL0619,2026-10-14 12:05:00,DL,N698NW,A359,H,DEPARTURE,EHAM,KATL,D58,18L/36R,,DNATA,79,0.00,2026-10-14 12:06:00,,,,,,,,,2026-10-14 12:06:00,2026-10-14 12:06:00,2026-10-14 11:36:00,2026-10-14 12:06:00,2026-10-14 12:06:00,2026-10-14 12:07:00,2026-10-14 12:17:00,2026-10-14 12:08:00,2026-10-14 12:20:00,,,TRUE
KL0624,2026-10-14 16:05:00,KL,PH-UAJ,A332,H,DEPARTURE,EHAM,ESSA,D14,18L/36R,,KLG,163,0.00,2026-10-14 16:05:00,,,,,,,,,2026-10-14 16:08:00,2026-10-14 16:11:00,2026-10-14 15:34:00,2026-10-14 16:17:00,2026-10-14 16:19:00,2026-10-14 16:14:00,2026-10-14 16:24:00,2026-10-14 16:19:00,2026-10-14 16:26:00,,,TRUE
KL0629,2026-10-14 16:35:00,KL,PH-YJH,A359,H,ARRIVAL,FACT,EHAM,M03,18C/36C,SUGOL,KLG,37,0.00,,,2026-10-14 04:55:16,2026-10-14 15:45:43,2026-10-14 16:29:00,2026-10-14 16:29:00,2026-10-14 16:31:00,2026-10-14 16:35:00,2026-10-14 16:35:00,,,,,,,,,,,,TRUE
KL0630,2026-10-14 08:50:00,KL,PH-EDD,E195,M,ARRIVAL,EKCH,EHAM,C12,18R/36L,NIRSI,KLG,71,0.00,,,2026-10-14 07:13:40,2026-10-14 08:13:59,2026-10-14 08:37:00,2026-10-14 08:37:00,2026-10-14 08:39:00,2026-10-14 08:50:00,2026-10-14 08:50:00,,,,,,,,,,,,TRUE
BA0632,2026-10-14 19:45:00,BA,G-EURT,A319,M,DEPARTURE,EHAM,EGLL,G06,18L/36R,,MENZIES,11,4.83,2026-10-14 19:51:00,2026-10-14 20:05:00,,,,,,,,2026-10-14 19:46:00,2026-10-14 19:51:00,2026-10-14 19:20:00,2026-10-14 19:46:00,2026-10-14 19:47:00,2026-10-14 19:51:00,2026-10-14 20:06:00,2026-10-14 19:53:00,2026-10-14 20:09:00,,,TRUE
KL0639,2026-10-14 12:25:00,KL,PH-PNG,B737,M,DEPARTURE,EHAM,EGKK,F04,18L/36R,,KLG,135,0.00,2026-10-14 12:26:00,,,,,,,,,2026-10-14 12:27:00,2026-10-14 12:27:00,2026-10-14 11:58:00,2026-10-14 12:27:00,2026-10-14 12:27:00,2026-10-14 12:29:00,2026-10-14 12:38:00,2026-10-14 12:31:00,2026-10-14 12:39:00,,,TRUE
KL0646,2026-10-14 16:15:00,KL,PH-MAP,B77W,H,ARRIVAL,GMMN,EHAM,D80,18C/36C,SUGOL,KLG,141,0.00,,,2026-10-14 12:29:45,2026-10-14 15:46:51,2026-10-14 16:06:00,2026-10-14 16:06:00,2026-10-14 16:08:00,2026-10-14 16:15:00,2026-10-14 16:15:00,,,,,,,,,,,,TRUE
KL0653,2026-10-14 19:55:00,KL,PH-NCC,A359,H,DEPARTURE,EHAM,DNMM,G03,06/24,,KLG,117,0.00,2026-10-14 19:54:00,,,,,,,,,2026-10-14 19:54:00,2026-10-14 20:01:00,2026-10-14 19:23:00,2026-10-14 20:01:00,2026-10-14 20:03:00,2026-10-14 20:02:00,2026-10-14 20:06:00,2026-10-14 20:04:00,2026-10-14 20:08:00,,,TRUE
KL0657,2026-10-14 16:15:00,KL,PH-DJV,B738,M,ARRIVAL,LTBA,EHAM,C08,18R/36L,NIRSI,KLG,46,0.00,,,2026-10-14 12:25:28,2026-10-14 15:39:21,2026-10-14 16:03:00,2026-10-14 16:03:00,2026-10-14 16:05:00,2026-10-14 16:15:00,2026-10-14 16:15:00,,,,,,,,,,,,TRUE
KL0659,2026-10-14 08:25:00,KL,PH-VQW,B737,M,ARRIVAL,LIRF,EHAM,B32,18C/36C,RIVER,KLG,141,0.00,,,2026-10-14 05:46:53,2026-10-14 07:53:17,2026-10-14 08:18:00,2026-10-14 08:18:00,2026-10-14 08:20:00,2026-10-14 08:25:00,2026-10-14 08:25:00,,,,,,,,,,,,TRUE
KL0666,2026-10-14 20:20:00,KL,PH-AYR,E195,M,DEPARTURE,EHAM,LIMC,C07,18L/36R,,KLG,59,0.00,2026-10-14 20:20:00,,,,,,,,,2026-10-14 20:15:00,2026-10-14 20:15:00,2026-10-14 19:44:00,2026-10-14 20:21:00,2026-10-14 20:23:00,2026-10-14 20:15:00,2026-10-14 20:30:00,2026-10-14 20:23:00,2026-10-14 20:32:00,,,TRUE
KL0669,2026-10-14 14:52:00,KL,PH-QJY,B739,M,DEPARTURE,EHAM,EPWA,C08,18L/36R,,KLG,88,4.14,2026-10-14 14:54:00,2026-10-14 18:46:00,,,,,,,,2026-10-14 14:55:00,2026-10-14 15:05:00,2026-10-14 14:30:00,2026-10-14 14:53:00,2026-10-14 14:54:00,2026-10-14 15:07:00,2026-10-14 15:17:00,2026-10-14 15:08:00,2026-10-14 15:17:00,,,TRUE
KL0675,2026-10-14 11:00:00,KL,PH-NQH,E195,M,DEPARTURE,EHAM,EIDW,D54,18L/36R,,KLG,38,0.00,2026-10-14 10:58:00,,,,,,,,,2026-10-14 11:02:00,2026-10-14 11:02:00,2026-10-14 10:32:00,2026-10-14 11:05:00,2026-10-14 11:06:00,2026-10-14 11:02:00,2026-10-14 11:14:00,2026-10-14 11:07:00,2026-10-14 11:14:00,,,TRUE
KL0678,2026-10-14 07:50:00,KL,PH-ABU,E190,M,DEPARTURE,EHAM,EPWA,C16,06/24,,KLG,80,0.00,2026-10-14 07:51:00,,,,,,,,,2026-10-14 07:50:00,2026-10-14 07:51:00,2026-10-14 07:23:00,2026-10-14 07:47:00,2026-10-14 07:48:00,2026-10-14 07:57:00,2026-10-14 08:04:00,2026-10-14 07:59:00,2026-10-14 08:04:00,,,TRUE
HV0680,2026-10-14 15:50:00,HV,PH-H3T,B738,M,ARRIVAL,DAAG,EHAM,F05,18C/36C,RIVER,AGS,28,0.00,,,2026-10-14 13:05:43,2026-10-14 15:21:30,2026-10-14 15:43:00,2026-10-14 15:43:00,2026-10-14 15:45:00,2026-10-14 15:50:00,2026-10-14 15:50:00,,,,,,,,,,,,TRUE
LH0687,2026-10-14 07:20:00,LH,D-AIZC,A21N,M,ARRIVAL,EDDF,EHAM,H03,18C/36C,RIVER,DNATA,0,0.00,,,2026-10-14 06:03:58,2026-10-14 06:49:31,2026-10-14 07:12:00,2026-10-14 07:12:00,2026-10-14 07:14:00,2026-10-14 07:20:00,2026-10-14 07:20:00,,,,,,,,,,,,TRUE
KL0692,2026-10-14 16:05:00,KL,PH-UWN,B77W,H,DEPARTURE,EHAM,HKJK,G09,18L/36R,,KLG,31,0.00,2026-10-14 16:04:00,,,,,,,,,2026-10-14 16:02:00,2026-10-14 16:02:00,2026-10-14 15:35:00,2026-10-14 16:13:00,2026-10-14 16:14:00,2026-10-14 16:02:00,2026-10-14 16:29:00,2026-10-14 16:16:00,2026-10-14 16:31:00,,,TRUE
HV0697,2026-10-14 16:20:00,HV,PH-H1U,B38M,M,DEPARTURE,EHAM,LEBL,C12,06/24,,AGS,33,0.00,2026-10-14 16:18:00,,,,,,,,,2026-10-14 16:21:00,2026-10-14 16:27:00,2026-10-14 15:52:00,2026-10-14 16:22:00,2026-10-14 16:23:00,2026-10-14 16:28:00,2026-10-14 16:37:00,2026-10-14 16:29:00,2026-10-14 16:38:00,,,TRUE
KL0698,2026-10-14 16:46:00,KL,PH-MQQ,B77W,H,DEPARTURE,EHAM,DNMM,G03,18L/36R,,KLG,130,0.00,2026-10-14 16:47:00,,,,,,,,,2026-10-14 16:50:00,2026-10-14 16:50:00,2026-10-14 16:24:00,2026-10-14 17:10:00,2026-10-14 17:10:00,2026-10-14 16:50:00,2026-10-14 17:24:00,2026-10-14 17:12:00,2026-10-14 17:26:00,,,TRUE
KL0702,2026-10-14 13:10:00,KL,PH-ZCZ,B77W,H,ARRIVAL,OMDB,EHAM,D54,18C/36C,SUGOL,KLG,169,0.00,,,2026-10-14 06:53:52,2026-10-14 12:31:12,2026-10-14 13:05:00,2026-10-14 13:05:00,2026-10-14 13:07:00,2026-10-14 13:10:00,2026-10-14 13:10:00,,,,,,,,,,,,TRUE
HV0705,2026-10-14 07:25:00,HV,PH-H6B,B738,M,DEPARTURE,EHAM,LEBL,D20,06/24,,AGS,27,2.60,2026-10-14 07:24:00,2026-10-14 07:37:00,,,,,,,,2026-10-14 07:30:00,2026-10-14 07:31:00,2026-10-14 06:58:00,2026-10-14 07:24:00,2026-10-14 07:25:00,2026-10-14 07:32:00,2026-10-14 07:41:00,2026-10-14 07:33:00,2026-10-14 07:41:00,,,TRUE
KL0708,2026-10-14 16:03:00,KL,PH-LXU,B772,H,DEPARTURE,EHAM,EIDW,D84,18L/36R,,KLG,166,0.00,2026-10-14 16:04:00,,,,,,,,,2026-10-14 16:03:00,2026-10-14 16:05:00,2026-10-14 15:35:00,2026-10-14 16:05:00,2026-10-14 16:07:00,2026-10-14 16:06:00,2026-10-14 16:19:00,2026-10-14 16:09:00,2026-10-14 16:21:00,,,TRUE
KL0710,2026-10-14 08:05:00,KL,PH-LGZ,E175,M,ARRIVAL,LHBP,EHAM,D18,09/27,ARTIP,KLG,178,0.00,,,2026-10-14 05:55:58,2026-10-14 07:36:59,2026-10-14 07:56:00,2026-10-14 07:56:00,2026-10-14 07:58:00,2026-10-14 08:05:00,2026-10-14 08:05:00,,,,,,,,,,,,TRUE
KQ0711,2026-10-14 15:43:00,KQ,5Y-KZX,B788,H,DEPARTURE,EHAM,HKJK,R04,18L/36R,,DNATA,66,4.71,2026-10-14 15:43:00,2026-10-14 21:16:00,,,,,,,,2026-10-14 15:45:00,2026-10-14 15:45:00,2026-10-14 15:18:00,2026-10-14 15:40:00,2026-10-14 15:42:00,2026-10-14 15:46:00,2026-10-14 15:57:00,2026-10-14 15:49:00,2026-10-14 15:59:00,,,TRUE
KL0714,2026-10-14 11:00:00,KL,PH-JHE,E175,M,DEPARTURE,EHAM,FACT,M05,18L/36R,,KLG,110,0.00,2026-10-14 11:01:00,,,,,,,,,2026-10-14 11:08:00,2026-10-14 11:08:00,2026-10-14 10:38:00,2026-10-14 11:06:00,2026-10-14 11:07:00,2026-10-14 11:04:00,2026-10-14 11:15:00,2026-10-14 11:08:00,2026-10-14 11:16:00,,,TRUE
KL0717,2026-10-14 17:10:00,KL,PH-LEZ,B737,M,ARRIVAL,LKPR,EHAM,B28,18C/36C,SUGOL,KLG,130,0.00,,,2026-10-14 15:32:19,2026-10-14 16:35:36,2026-10-14 16:58:00,2026-10-14 16:58:00,2026-10-14 17:00:00,2026-10-14 17:10:00,2026-10-14 17:10:00,,,,,,,,,,,,TRUE
HV0720,2026-10-14 06:45:00,HV,PH-H9Y,B38M,M,ARRIVAL,LIMC,EHAM,B24,18C/36C,RIVER,AGS,38,0.00,,,2026-10-14 04:50:08,2026-10-14 06:11:54,2026-10-14 06:37:00,2026-10-14 06:37:00,2026-10-14 06:39:00,2026-10-14 06:45:00,2026-10-14 06:45:00,,,,,,,,,,,,TRUE
KL0725,2026-10-14 16:20:00,KL,PH-PNB,E175,M,ARRIVAL,RKSI,EHAM,G09,18C/36C,SUGOL,KLG,71,0.00,,,2026-10-14 05:17:39,2026-10-14 15:42:55,2026-10-14 16:11:00,2026-10-14 16:11:00,2026-10-14 16:13:00,2026-10-14 16:20:00,2026-10-14 16:20:00,,,,,,,,,,,,TRUE
W60729,2026-10-14 16:15:00,W6,HA-LVK,A320,M,ARRIVAL,EPWA,EHAM,E10,18R/36L,NIRSI,MENZIES,2,0.00,,,2026-10-14 14:09:19,2026-10-14 15:38:14,2026-10-14 16:04:00,2026-10-14 16:04:00,2026-10-14 16:06:00,2026-10-14 16:15:00,2026-10-14 16:15:00,,,,,,,,,,,,TRUE
KL0734,2026-10-14 21:40:00,KL,PH-JLY,B739,M,ARRIVAL,KATL,EHAM,R04,18R/36L,NIRSI,KLG,125,0.00,,,2026-10-14 13:08:10,2026-10-14 21:02:31,2026-10-14 21:33:00,2026-10-14 21:33:00,2026-10-14 21:35:00,2026-10-14 21:40:00,2026-10-14 21:40:00,,,,,,,,,,,,TRUE
KL0736,2026-10-14 17:30:00,KL,PH-KZQ,A333,H,DEPARTURE,EHAM,VTBS,M07,18L/36R,,KLG,63,0.00,2026-10-14 17:30:00,,,,,,,,,2026-10-14 17:33:00,2026-10-14 17:35:00,2026-10-14 17:02:00,2026-10-14 17:23:00,2026-10-14 17:24:00,2026-10-14 17:36:00,2026-10-14 17:49:00,2026-10-14 17:37:00,2026-10-14 17:51:00,,,TRUE
KL0741,2026-10-14 15:40:00,KL,PH-KLC,B739,M,ARRIVAL,KSEA,EHAM,R02,18C/36C,SUGOL,KLG,32,0.00,,,2026-10-14 05:55:28,2026-10-14 14:53:07,2026-10-14 15:26:00,2026-10-14 15:26:00,2026-10-14 15:28:00,2026-10-14 15:40:00,2026-10-14 15:40:00,,,,,,,,,,,,TRUE
KL0748,2026-10-14 16:05:00,KL,PH-DYJ,B789,H,ARRIVAL,EDDM,EHAM,E20,18C/36C,SUGOL,KLG,102,0.00,,,2026-10-14 14:36:37,2026-10-14 15:35:06,2026-10-14 15:57:00,2026-10-14 15:57:00,2026-10-14 15:59:00,2026-10-14 16:05:00,2026-10-14 16:05:00,,,,,,,,,,,,TRUE
HV0755,2026-10-14 12:20:00,HV,PH-H5V,B738,M,DEPARTURE,EHAM,LFPG,C14,18L/36R,,AGS,39,0.00,2026-10-14 12:21:00,,,,,,,,,2026-10-14 12:34:00,2026-10-14 12:34:00,2026-10-14 12:01:00,2026-10-14 12:36:00,2026-10-14 12:37:00,2026-10-14 12:35:00,2026-10-14 12:48:00,2026-10-14 12:38:00,2026-10-14 12:48:00,,,TRUE
DL0760,2026-10-14 13:20:00,DL,N155NW,A339,H,ARRIVAL,KJFK,EHAM,F09,18C/36C,SUGOL,DNATA,30,0.00,,,2026-10-14 06:14:29,2026-10-14 12:48:21,2026-10-14 13:14:00,2026-10-14 13:14:00,2026-10-14 13:16:00,2026-10-14 13:20:00,2026-10-14 13:20:00,,,,,,,,,,,,TRUE
KL0763,2026-10-14 15:45:00,KL,PH-ALN,E195,M,DEPARTURE,EHAM,EGLL,D56,18L/36R,,KLG,162,0.00,2026-10-14 15:43:00,,,,,,,,,2026-10-14 15:41:00,2026-10-14 15:41:00,2026-10-14 15:10:00,2026-10-14 15:47:00,2026-10-14 15:49:00,2026-10-14 15:41:00,2026-10-14 15:54:00,2026-10-14 15:48:00,2026-10-14 15:55:00,,,TRUE
KL0769,2026-10-14 10:25:00,KL,PH-RZS,A333,H,DEPARTURE,EHAM,KLAX,M07,18L/36R,,KLG,71,2.33,2026-10-14 10:25:00,2026-10-14 10:40:00,,,,,,,,2026-10-14 10:25:00,2026-10-14 10:35:00,2026-10-14 09:55:00,2026-10-14 10:27:00,2026-10-14 10:27:00,2026-10-14 10:35:00,2026-10-14 10:48:00,2026-10-14 10:37:00,2026-10-14 10:49:00,,,TRUE
EZY0776,2026-10-14 17:25:00,EZY,G-EZVT,A319,M,DEPARTURE,EHAM,EGGW,R03,18L/36R,,DNATA,34,1.42,2026-10-14 17:26:00,2026-10-14 17:47:00,,,,,,,,2026-10-14 17:28:00,2026-10-14 17:29:00,2026-10-14 16:56:00,2026-10-14 17:32:00,2026-10-14 17:32:00,2026-10-14 17:31:00,2026-10-14 17:42:00,2026-10-14 17:34:00,2026-10-14 17:43:00,,,TRUE
KL0778,2026-10-14 20:45:00,KL,PH-KXW,A332,H,DEPARTURE,EHAM,KATL,R05,18L/36R,,KLG,70,2.84,2026-10-14 20:45:00,2026-10-14 21:04:00,,,,,,,,2026-10-14 20:50:00,2026-10-14 20:50:00,2026-10-14 20:16:00,2026-10-14 20:54:00,2026-10-14 20:55:00,2026-10-14 20:49:00,2026-10-14 21:04:00,2026-10-14 20:56:00,2026-10-14 21:05:00,,,TRUE
KL0781,2026-10-14 07:30:00,KL,PH-HVH,A359,H,DEPARTURE,EHAM,ENGM,E08,18L/36R,,KLG,47,2.95,2026-10-14 07:28:00,2026-10-14 07:29:00,,,,,,,,2026-10-14 07:27:00,2026-10-14 07:35:00,2026-10-14 06:56:00,2026-10-14 07:37:00,2026-10-14 07:38:00,2026-10-14 07:36:00,2026-10-14 07:45:00,2026-10-14 07:38:00,2026-10-14 07:47:00,,,TRUE
KL0788,2026-10-14 14:20:00,KL,PH-WAE,A333,H,DEPARTURE,EHAM,LSZH,D08,18L/36R,,KLG,47,0.00,2026-10-14 14:19:00,,,,,,,,,2026-10-14 14:20:00,2026-10-14 14:20:00,2026-10-14 13:49:00,2026-10-14 14:21:00,2026-10-14 14:22:00,2026-10-14 14:23:00,2026-10-14 14:34:00,2026-10-14 14:25:00,2026-10-14 14:37:00,,,TRUE
SQ0792,2026-10-14 08:30:00,SQ,9V-SWH,A359,H,ARRIVAL,WSSS,EHAM,R04,18C/36C,RIVER,DNATA,37,0.00,,,2026-10-13 19:33:12,2026-10-14 07:41:31,2026-10-14 08:19:00,2026-10-14 08:19:00,2026-10-14 08:21:00,2026-10-14 08:30:00,2026-10-14 08:30:00,,,,,,,,,,,,TRUE
KL0799,2026-10-14 13:40:00,KL,PH-XPE,B772,H,ARRIVAL,LOWW,EHAM,D12,18C/36C,SUGOL,KLG,126,0.00,,,2026-10-14 11:43:35,2026-10-14 13:08:22,2026-10-14 13:35:00,2026-10-14 13:35:00,2026-10-14 13:37:00,2026-10-14 13:40:00,2026-10-14 13:40:00,,,,,,,,,,,,TRUE
FR0803,2026-10-14 19:30:00,FR,EI-DMB,B738,M,DEPARTURE,EHAM,LEMD,E02,18L/36R,,DNATA,38,0.00,2026-10-14 19:28:00,,,,,,,,,2026-10-14 19:27:00,2026-10-14 19:37:00,2026-10-14 19:01:00,2026-10-14 19:32:00,2026-10-14 19:33:00,2026-10-14 19:39:00,2026-10-14 19:47:00,2026-10-14 19:41:00,2026-10-14 19:49:00,,,TRUE
KL0806,2026-10-14 18:45:00,KL,PH-KKF,E175,M,DEPARTURE,EHAM,EPWA,B20,06/24,,KLG,156,0.00,2026-10-14 18:45:00,,,,,,,,,2026-10-14 18:41:00,2026-10-14 18:47:00,2026-10-14 18:15:00,2026-10-14 18:42:00,2026-10-14 18:44:00,2026-10-14 18:48:00,2026-10-14 18:58:00,2026-10-14 18:51:00,2026-10-14 18:58:00,,,TRUE
BA0807,2026-10-14 16:43:00,BA,G-EUFS,A320,M,DEPARTURE,EHAM,EGLL,D84,18L/36R,,MENZIES,38,0.00,2026-10-14 16:43:00,,,,,,,,,2026-10-14 16:37:00,2026-10-14 16:45:00,2026-10-14 16:04:00,2026-10-14 16:32:00,2026-10-14 16:33:00,2026-10-14 16:43:00,2026-10-14 16:49:00,2026-10-14 16:44:00,2026-10-14 16:51:00,,,TRUE
KL0808,2026-10-14 14:20:00,KL,PH-NXL,E190,M,ARRIVAL,ZSPD,EHAM,D88,18C/36C,SUGOL,KLG,117,0.00,,,2026-10-14 02:56:57,2026-10-14 13:42:51,2026-10-14 14:10:00,2026-10-14 14:10:00,2026-10-14 14:12:00,2026-10-14 14:20:00,2026-10-14 14:20:00,,,,,,,,,,,,TRUE
KL0812,2026-10-14 10:20:00,KL,PH-XAC,B789,H,DEPARTURE,EHAM,FACT,F08,18L/36R,,KLG,138,0.00,2026-10-14 10:22:00,,,,,,,,,2026-10-14 10:18:00,2026-10-14 10:22:00,2026-10-14 09:46:00,2026-10-14 10:17:00,2026-10-14 10:18:00,2026-10-14 10:25:00,2026-10-14 10:37:00,2026-10-14 10:26:00,2026-10-14 10:39:00,,,TRUE
KL0818,2026-10-14 08:10:00,KL,PH-JFC,B77W,H,ARRIVAL,LGAV,EHAM,D08,18C/36C,RIVER,KLG,48,0.00,,,2026-10-14 04:56:41,2026-10-14 07:34:17,2026-10-14 07:57:00,2026-10-14 07:57:00,2026-10-14 07:59:00,2026-10-14 08:10:00,2026-10-14 08:10:00,,,,,,,,,,,,TRUE
KL0822,2026-10-14 13:05:00,KL,PH-UZJ,B739,M,DEPARTURE,EHAM,KIAD,R06,18L/36R,,KLG,130,0.00,2026-10-14 13:07:00,,,,,,,,,2026-10-14 13:12:00,2026-10-14 13:12:00,2026-10-14 12:38:00,2026-10-14 13:15:00,2026-10-14 13:16:00,2026-10-14 13:12:00,2026-10-14 13:28:00,2026-10-14 13:18:00,2026-10-14 13:30:00,,,TRUE
W60824,2026-10-14 15:12:00,W6,HA-LVM,A21N,M,DEPARTURE,EHAM,EPWA,D26,18L/36R,,MENZIES,30,0.00,2026-10-14 15:13:00,,,,,,,,,2026-10-14 15:15:00,2026-10-14 15:15:00,2026-10-14 14:50:00,2026-10-14 15:18:00,2026-10-14 15:20:00,2026-10-14 15:18:00,2026-10-14 15:27:00,2026-10-14 15:20:00,2026-10-14 15:29:00,,,TRUE
KL0826,2026-10-14 13:40:00,KL,PH-DGW,E175,M,ARRIVAL,LTBA,EHAM,C08,18C/36C,RIVER,KLG,147,0.00,,,2026-10-14 09:52:22,2026-10-14 13:06:13,2026-10-14 13:27:00,2026-10-14 13:27:00,2026-10-14 13:29:00,2026-10-14 13:40:00,2026-10-14 13:40:00,,,,,,,,,,,,TRUE
KL0832,2026-10-14 19:50:00,KL,PH-VFU,B78X,H,ARRIVAL,WSSS,EHAM,D54,18C/36C,SUGOL,KLG,178,0.00,,,2026-10-14 07:01:57,2026-10-14 19:06:20,2026-10-14 19:41:00,2026-10-14 19:41:00,2026-10-14 19:43:00,2026-10-14 19:50:00,2026-10-14 19:50:00,,,,,,,,,,,,TRUE
KL0833,2026-10-14 21:40:00,KL,PH-FYM,A359,H,DEPARTURE,EHAM,HKJK,D82,18L/36R,,KLG,74,3.37,2026-10-14 21:42:00,2026-10-14 21:57:00,,,,,,,,2026-10-14 21:44:00,2026-10-14 21:44:00,2026-10-14 21:18:00,2026-10-14 21:57:00,2026-10-14 21:58:00,2026-10-14 21:43:00,2026-10-14 22:09:00,2026-10-14 22:00:00,2026-10-14 22:09:00,,,TRUE
KL0835,2026-10-14 12:40:00,KL,PH-PAT,B78X,H,DEPARTURE,EHAM,EIDW,D84,18L/36R,,KLG,64,4.65,2026-10-14 12:43:00,2026-10-14 13:05:00,,,,,,,,2026-10-14 12:44:00,2026-10-14 12:44:00,2026-10-14 12:13:00,2026-10-14 12:48:00,2026-10-14 12:49:00,2026-10-14 12:40:00,2026-10-14 12:57:00,2026-10-14 12:50:00,2026-10-14 12:57:00,,,TRUE
KL0839,2026-10-14 13:30:00,KL,PH-SDC,B737,M,ARRIVAL,ZSPD,EHAM,R08,18C/36C,RIVER,KLG,177,0.00,,,2026-10-14 02:14:26,2026-10-14 12:49:26,2026-10-14 13:20:00,2026-10-14 13:20:00,2026-10-14 13:22:00,2026-10-14 13:30:00,2026-10-14 13:30:00,,,,,,,,,,,,TRUE
KL0842,2026-10-14 14:56:00,KL,PH-GVQ,B789,H,DEPARTURE,EHAM,KSFO,D82,18L/36R,,KLG,71,3.41,2026-10-14 14:57:00,2026-10-14 10:50:00,,,,,,,,2026-10-14 15:04:00,2026-10-14 15:10:00,2026-10-14 14:29:00,2026-10-14 15:04:00,2026-10-14 15:05:00,2026-10-14 15:11:00,2026-10-14 15:23:00,2026-10-14 15:12:00,2026-10-14 15:24:00,,,TRUE
AF0848,2026-10-14 12:15:00,AF,F-GUEU,A320,M,ARRIVAL,LFPG,EHAM,D28,18R/36L,NIRSI,DNATA,89,0.00,,,2026-10-14 10:38:36,2026-10-14 11:35:09,2026-10-14 11:59:00,2026-10-14 11:59:00,2026-10-14 12:01:00,2026-10-14 12:15:00,2026-10-14 12:15:00,,,,,,,,,,,,TRUE
AF0853,2026-10-14 10:35:00,AF,F-GRXK,A20N,M,DEPARTURE,EHAM,LFLL,D24,18L/36R,,DNATA,101,0.00,2026-10-14 10:36:00,,,,,,,,,2026-10-14 10:31:00,2026-10-14 10:31:00,2026-10-14 10:01:00,2026-10-14 10:32:00,2026-10-14 10:33:00,2026-10-14 10:27:00,2026-10-14 10:41:00,2026-10-14 10:35:00,2026-10-14 10:43:00,,,TRUE
KL0857,2026-10-14 12:55:00,KL,PH-MQV,B78X,H,DEPARTURE,EHAM,LIRF,D04,18L/36R,,KLG,73,0.00,2026-10-14 12:56:00,,,,,,,,,2026-10-14 13:00:00,2026-10-14 13:00:00,2026-10-14 12:34:00,2026-10-14 13:03:00,2026-10-14 13:04:00,2026-10-14 13:02:00,2026-10-14 13:17:00,2026-10-14 13:04:00,2026-10-14 13:17:00,,,TRUE
W60862,2026-10-14 20:50:00,W6,HA-LVX,A320,M,ARRIVAL,EPWA,EHAM,D14,18C/36C,RIVER,AGS,4,0.00,,,2026-10-14 18:54:16,2026-10-14 20:20:25,2026-10-14 20:46:00,2026-10-14 20:46:00,2026-10-14 20:48:00,2026-10-14 20:50:00,2026-10-14 20:50:00,,,,,,,,,,,,TRUE
KL0866,2026-10-14 11:05:00,KL,PH-XTE,A333,H,ARRIVAL,VTBS,EHAM,G08,18C/36C,RIVER,KLG,90,0.00,,,2026-10-14 00:12:05,2026-10-14 10:23:30,2026-10-14 10:59:00,2026-10-14 10:59:00,2026-10-14 11:01:00,2026-10-14 11:05:00,2026-10-14 11:05:00,,,,,,,,,,,,TRUE
KL0867,2026-10-14 19:45:00,KL,PH-FJH,B739,M,ARRIVAL,KSFO,EHAM,M07,18C/36C,RIVER,KLG,144,0.00,,,2026-10-14 09:18:48,2026-10-14 19:07:19,2026-10-14 19:37:00,2026-10-14 19:37:00,2026-10-14 19:39:00,2026-10-14 19:45:00,2026-10-14 19:45:00,,,,,,,,,,,,TRUE
KL0870,2026-10-14 14:10:00,KL,PH-XLM,B737,M,DEPARTURE,EHAM,KATL,F02,18L/36R,,KLG,101,0.00,2026-10-14 14:11:00,,,,,,,,,2026-10-14 14:11:00,2026-10-14 14:11:00,2026-10-14 13:43:00,2026-10-14 14:11:00,2026-10-14 14:13:00,2026-10-14 14:09:00,2026-10-14 14:24:00,2026-10-14 14:12:00,2026-10-14 14:25:00,,,TRUE
KL0872,2026-10-14 12:45:00,KL,PH-ANV,B78X,H,DEPARTURE,EHAM,LKPR,E18,18L/36R,,KLG,164,0.00,2026-10-14 12:45:00,,,,,,,,,2026-10-14 12:48:00,2026-10-14 12:48:00,2026-10-14 12:17:00,2026-10-14 12:46:00,2026-10-14 12:48:00,2026-10-14 12:47:00,2026-10-14 13:00:00,2026-10-14 12:49:00,2026-10-14 13:01:00,,,TRUE
KL0878,2026-10-14 10:50:00,KL,PH-TCG,B772,H,DEPARTURE,EHAM,KIAD,M05,18L/36R,,KLG,129,4.47,2026-10-14 10:50:00,2026-10-14 11:15:00,,,,,,,,2026-10-14 10:59:00,2026-10-14 11:02:00,2026-10-14 10:26:00,2026-10-14 10:59:00,2026-10-14 11:01:00,2026-10-14 10:58:00,2026-10-14 11:13:00,2026-10-14 11:00:00,2026-10-14 11:15:00,,,TRUE
SQ0881,2026-10-14 09:20:00,SQ,9V-SWK,B77W,H,DEPARTURE,EHAM,WSSS,D60,18L/36R,,DNATA,120,0.00,2026-10-14 09:21:00,,,,,,,,,2026-10-14 09:27:00,2026-10-14 09:27:00,2026-10-14 08:59:00,2026-10-14 09:25:00,2026-10-14 09:26:00,2026-10-14 09:25:00,2026-10-14 09:34:00,2026-10-14 09:28:00,2026-10-14 09:36:00,,,TRUE
KL0885,2026-10-14 19:45:00,KL,PH-BEL,E190,M,DEPARTURE,EHAM,WSSS,R05,06/24,,KLG,180,0.00,2026-10-14 19:46:00,,,,,,,,,2026-10-14 19:47:00,2026-10-14 19:51:00,2026-10-14 19:16:00,2026-10-14 19:45:00,2026-10-14 19:45:00,2026-10-14 19:50:00,2026-10-14 20:04:00,2026-10-14 19:51:00,2026-10-14 20:05:00,,,TRUE
AF0889,2026-10-14 12:05:00,AF,F-GDGE,A320,M,DEPARTURE,EHAM,LFML,C16,18L/36R,,DNATA,48,2.39,2026-10-14 12:05:00,2026-10-14 12:09:00,,,,,,,,2026-10-14 12:00:00,2026-10-14 12:00:00,2026-10-14 11:28:00,2026-10-14 12:04:00,2026-10-14 12:05:00,2026-10-14 11:59:00,2026-10-14 12:14:00,2026-10-14 12:06:00,2026-10-14 12:17:00,,,TRUE
HV0894,2026-10-14 18:10:00,HV,PH-H3P,B738,M,DEPARTURE,EHAM,LFPG,H02,18L/36R,,AGS,7,0.00,2026-10-14 18:08:00,,,,,,,,,2026-10-14 18:14:00,2026-10-14 18:15:00,2026-10-14 17:41:00,2026-10-14 18:13:00,2026-10-14 18:13:00,2026-10-14 18:16:00,2026-10-14 18:24:00,2026-10-14 18:17:00,2026-10-14 18:26:00,,,TRUE
AF0900,2026-10-14 06:55:00,AF,F-GASG,A320,M,ARRIVAL,LFPG,EHAM,D12,18C/36C,RIVER,DNATA,75,0.00,,,2026-10-14 05:26:02,2026-10-14 06:15:10,2026-10-14 06:43:00,2026-10-14 06:43:00,2026-10-14 06:45:00,2026-10-14 06:55:00,2026-10-14 06:55:00,,,,,,,,,,,,TRUE
FR0903,2026-10-14 10:10:00,FR,EI-DSE,B738,M,DEPARTURE,EHAM,LEMD,B34,18L/36R,,DNATA,27,0.00,2026-10-14 10:12:00,,,,,,,,,2026-10-14 10:16:00,2026-10-14 10:19:00,2026-10-14 09:50:00,2026-10-14 10:16:00,2026-10-14 10:17:00,2026-10-14 10:18:00,2026-10-14 10:25:00,2026-10-14 10:21:00,2026-10-14 10:26:00,,,TRUE
KL0910,2026-10-14 11:10:00,KL,PH-DZF,A332,H,ARRIVAL,WSSS,EHAM,M04,18C/36C,SUGOL,KLG,46,0.00,,,2026-10-13 22:14:33,2026-10-14 10:23:26,2026-10-14 10:59:00,2026-10-14 10:59:00,2026-10-14 11:01:00,2026-10-14 11:10:00,2026-10-14 11:10:00,,,,,,,,,,,,TRUE
DL0911,2026-10-14 13:25:00,DL,N784NW,A359,H,DEPARTURE,EHAM,KDTW,R04,18L/36R,,DNATA,81,0.00,2026-10-14 13:25:00,,,,,,,,,2026-10-14 13:24:00,2026-10-14 13:24:00,2026-10-14 12:54:00,2026-10-14 13:20:00,2026-10-14 13:20:00,2026-10-14 13:25:00,2026-10-14 13:36:00,2026-10-14 13:27:00,2026-10-14 13:37:00,,,TRUE
AF0915,2026-10-14 19:40:00,AF,F-GQQB,A223,M,DEPARTURE,EHAM,LFPG,C15,18L/36R,,DNATA,99,0.00,2026-10-14 19:39:00,,,,,,,,,2026-10-14 19:34:00,2026-10-14 19:43:00,2026-10-14 19:07:00,2026-10-14 19:32:00,2026-10-14 19:34:00,2026-10-14 19:45:00,2026-10-14 19:51:00,2026-10-14 19:47:00,2026-10-14 19:53:00,,,TRUE
KL0918,2026-10-14 14:45:00,KL,PH-AWL,B737,M,ARRIVAL,GMMN,EHAM,F07,18C/36C,RIVER,KLG,92,0.00,,,2026-10-14 11:04:37,2026-10-14 14:12:40,2026-10-14 14:38:00,2026-10-14 14:38:00,2026-10-14 14:40:00,2026-10-14 14:45:00,2026-10-14 14:45:00,,,,,,,,,,,,TRUE
KL0924,2026-10-14 16:55:00,KL,PH-SPJ,B789,H,ARRIVAL,KSEA,EHAM,F06,18C/36C,SUGOL,KLG,49,0.00,,,2026-10-14 07:29:24,2026-10-14 16:20:34,2026-10-14 16:50:00,2026-10-14 16:50:00,2026-10-14 16:52:00,2026-10-14 16:55:00,2026-10-14 16:55:00,,,,,,,,,,,,TRUE
KL0925,2026-10-14 12:10:00,KL,PH-UNH,A359,H,DEPARTURE,EHAM,OMDB,F04,18L/36R,,KLG,131,2.20,2026-10-14 12:11:00,2026-10-14 12:04:00,,,,,,,,2026-10-14 12:12:00,2026-10-14 12:12:00,2026-10-14 11:41:00,2026-10-14 12:09:00,2026-10-14 12:10:00,2026-10-14 12:10:00,2026-10-14 12:21:00,2026-10-14 12:12:00,2026-10-14 12:22:00,,,TRUE
HV0930,2026-10-14 15:35:00,HV,PH-H8P,B38M,M,ARRIVAL,GMMN,EHAM,G08,18C/36C,SUGOL,AGS,1,0.00,,,2026-10-14 11:49:17,2026-10-14 15:00:41,2026-10-14 15:24:00,2026-10-14 15:24:00,2026-10-14 15:26:00,2026-10-14 15:35:00,2026-10-14 15:35:00,,,,,,,,,,,,TRUE
AF0936,2026-10-14 19:20:00,AF,F-GHKQ,A223,M,DEPARTURE,EHAM,LFML,B19,18L/36R,,DNATA,50,0.00,2026-10-14 19:22:00,,,,,,,,,2026-10-14 19:15:00,2026-10-14 19:17:00,2026-10-14 18:47:00,2026-10-14 19:20:00,2026-10-14 19:22:00,2026-10-14 19:17:00,2026-10-14 19:29:00,2026-10-14 19:22:00,2026-10-14 19:29:00,,,TRUE
AF0943,2026-10-14 12:25:00,AF,F-GRCH,A20N,M,ARRIVAL,LFML,EHAM,C16,18C/36C,ARTIP,DNATA,47,0.00,,,2026-10-14 10:18:09,2026-10-14 11:53:50,2026-10-14 12:13:00,2026-10-14 12:13:00,2026-10-14 12:15:00,2026-10-14 12:25:00,2026-10-14 12:25:00,,,,,,,,,,,,TRUE
KL0949,2026-10-14 07:35:00,KL,PH-XHJ,A332,H,ARRIVAL,KJFK,EHAM,D80,18C/36C,SUGOL,KLG,170,0.00,,,2026-10-14 00:18:42,2026-10-14 07:03:03,2026-10-14 07:27:00,2026-10-14 07:27:00,2026-10-14 07:29:00,2026-10-14 07:35:00,2026-10-14 07:35:00,,,,,,,,,,,,TRUE
KL0953,2026-10-14 16:55:00,KL,PH-ANJ,B77W,H,ARRIVAL,GCLP,EHAM,R09,18C/36C,RIVER,KLG,84,0.00,,,2026-10-14 12:11:54,2026-10-14 16:01:07,2026-10-14 16:37:00,2026-10-14 16:37:00,2026-10-14 16:39:00,2026-10-14 16:55:00,2026-10-14 16:55:00,,,,,,,,,,,,TRUE
KL0960,2026-10-14 15:16:00,KL,PH-ZTZ,A359,H,DEPARTURE,EHAM,RKSI,F08,18L/36R,,KLG,105,4.88,2026-10-14 15:17:00,2026-10-14 20:57:00,,,,,,,,2026-10-14 15:20:00,2026-10-14 15:20:00,2026-10-14 14:49:00,2026-10-14 15:20:00,2026-10-14 15:22:00,2026-10-14 15:21:00,2026-10-14 15:35:00,2026-10-14 15:23:00,2026-10-14 15:36:00,,,TRUE
DL0966,2026-10-14 11:20:00,DL,N431NW,A339,H,DEPARTURE,EHAM,KMSP,M02,18L/36R,,DNATA,71,0.00,2026-10-14 11:18:00,,,,,,,,,2026-10-14 11:12:00,2026-10-14 11:12:00,2026-10-14 10:37:00,2026-10-14 11:13:00,2026-10-14 11:13:00,2026-10-14 11:15:00,2026-10-14 11:25:00,2026-10-14 11:17:00,2026-10-14 11:25:00,,,TRUE
W60968,2026-10-14 14:50:00,W6,HA-LVK,A320,M,ARRIVAL,LROP,EHAM,H03,09/27,ARTIP,AGS,12,0.00,,,2026-10-14 12:41:19,2026-10-14 14:17:05,2026-10-14 14:41:00,2026-10-14 14:41:00,2026-10-14 14:43:00,2026-10-14 14:50:00,2026-10-14 14:50:00,,,,,,,,,,,,TRUE
KL0972,2026-10-14 11:45:00,KL,PH-JCD,E190,M,ARRIVAL,EFHK,EHAM,E08,18R/36L,NIRSI,KLG,41,0.00,,,2026-10-14 09:13:49,2026-10-14 10:58:29,2026-10-14 11:30:00,2026-10-14 11:30:00,2026-10-14 11:32:00,2026-10-14 11:45:00,2026-10-14 11:45:00,,,,,,,,,,,,TRUE
W60978,2026-10-14 18:30:00,W6,HA-LVE,A320,M,ARRIVAL,EPWA,EHAM,E24,18C/36C,RIVER,AGS,35,0.00,,,2026-10-14 16:42:13,2026-10-14 17:56:50,2026-10-14 18:21:00,2026-10-14 18:21:00,2026-10-14 18:23:00,2026-10-14 18:30:00,2026-10-14 18:30:00,,,,,,,,,,,,TRUE
KL0984,2026-10-14 15:20:00,KL,PH-BGE,B737,M,DEPARTURE,EHAM,MMUN,G06,06/24,,KLG,87,0.00,2026-10-14 15:21:00,,,,,,,,,2026-10-14 15:24:00,2026-10-14 15:24:00,2026-10-14 14:52:00,2026-10-14 15:35:00,2026-10-14 15:35:00,2026-10-14 15:24:00,2026-10-14 15:45:00,2026-10-14 15:37:00,2026-10-14 15:46:00,,,TRUE
LH0989,2026-10-14 14:10:00,LH,D-AIHR,A319,M,DEPARTURE,EHAM,EDDF,C04,18L/36R,,DNATA,36,0.00,2026-10-14 14:08:00,,,,,,,,,2026-10-14 14:09:00,2026-10-14 14:09:00,2026-10-14 13:43:00,2026-10-14 14:13:00,2026-10-14 14:14:00,2026-10-14 14:10:00,2026-10-14 14:22:00,2026-10-14 14:15:00,2026-10-14 14:22:00,,,TRUE
HV0995,2026-10-14 10:50:00,HV,PH-H9V,B38M,M,DEPARTURE,EHAM,LGAV,B11,06/24,,AGS,20,0.00,2026-10-14 10:52:00,,,,,,,,,2026-10-14 11:12:00,2026-10-14 11:16:00,2026-10-14 10:47:00,2026-10-14 11:13:00,2026-10-14 11:14:00,2026-10-14 11:18:00,2026-10-14 11:31:00,2026-10-14 11:20:00,2026-10-14 11:32:00,,,TRUE
HV1000,2026-10-14 07:40:00,HV,PH-H6V,B38M,M,ARRIVAL,GCLP,EHAM,R09,18R/36L,NIRSI,AGS,28,0.00,,,2026-10-14 03:03:49,2026-10-14 06:56:51,2026-10-14 07:31:00,2026-10-14 07:31:00,2026-10-14 07:33:00,2026-10-14 07:40:00,2026-10-14 07:40:00,,,,,,,,,,,,TRUE
KL1002,2026-10-14 16:20:00,KL,PH-UBT,E175,M,ARRIVAL,LEMD,EHAM,H03,18R/36L,NIRSI,KLG,40,0.00,,,2026-10-14 13:36:53,2026-10-14 15:37:20,2026-10-14 16:04:00,2026-10-14 16:04:00,2026-10-14 16:06:00,2026-10-14 16:20:00,2026-10-14 16:20:00,,,,,,,,,,,,TRUE
KL1006,2026-10-14 09:00:00,KL,PH-ZQX,E190,M,DEPARTURE,EHAM,KIAH,R04,18L/36R,,KLG,138,0.00,2026-10-14 09:01:00,,,,,,,,,2026-10-14 08:58:00,2026-10-14 09:06:00,2026-10-14 08:31:00,2026-10-14 09:07:00,2026-10-14 09:09:00,2026-10-14 09:06:00,2026-10-14 09:19:00,2026-10-14 09:09:00,2026-10-14 09:19:00,,,TRUE
KL1007,2026-10-14 13:20:00,KL,PH-AYG,B789,H,DEPARTURE,EHAM,EDDM,E18,06/24,,KLG,177,4.86,2026-10-14 13:19:00,2026-10-14 13:27:00,,,,,,,,2026-10-14 13:16:00,2026-10-14 13:16:00,2026-10-14 12:47:00,2026-10-14 13:13:00,2026-10-14 13:13:00,2026-10-14 13:13:00,2026-10-14 13:21:00,2026-10-14 13:15:00,2026-10-14 13:21:00,,,TRUE
KL1012,2026-10-14 19:00:00,KL,PH-NRS,A333,H,ARRIVAL,KIAD,EHAM,F09,18C/36C,RIVER,KLG,46,0.00,,,2026-10-14 11:38:42,2026-10-14 18:19:17,2026-10-14 18:48:00,2026-10-14 18:48:00,2026-10-14 18:50:00,2026-10-14 19:00:00,2026-10-14 19:00:00,,,,,,,,,,,,TRUE
LH1015,2026-10-14 16:20:00,LH,D-AIRM,A319,M,ARRIVAL,EDDF,EHAM,E02,18R/36L,NIRSI,DNATA,7,0.00,,,2026-10-14 15:12:28,2026-10-14 15:40:49,2026-10-14 16:09:00,2026-10-14 16:09:00,2026-10-14 16:11:00,2026-10-14 16:20:00,2026-10-14 16:20:00,,,,,,,,,,,,TRUE
HV1021,2026-10-14 21:50:00,HV,PH-H2F,B38M,M,ARRIVAL,LGAV,EHAM,D22,18C/36C,RIVER,AGS,30,0.00,,,2026-10-14 18:32:37,2026-10-14 21:16:03,2026-10-14 21:41:00,2026-10-14 21:41:00,2026-10-14 21:43:00,2026-10-14 21:50:00,2026-10-14 21:50:00,,,,,,,,,,,,TRUE
KL1027,2026-10-14 15:42:00,KL,PH-LMB,B738,M,DEPARTURE,EHAM,KIAH,G05,06/24,,KLG,106,0.00,2026-10-14 15:43:00,,,,,,,,,2026-10-14 15:39:00,2026-10-14 15:45:00,2026-10-14 15:13:00,2026-10-14 15:47:00,2026-10-14 15:49:00,2026-10-14 15:44:00,2026-10-14 16:04:00,2026-10-14 15:50:00,2026-10-14 16:06:00,,,TRUE
KL1028,2026-10-14 06:15:00,KL,PH-GQP,B772,H,ARRIVAL,LEBL,EHAM,D08,18C/36C,RIVER,KLG,94,0.00,,,2026-10-14 04:05:22,2026-10-14 05:41:00,2026-10-14 06:07:00,2026-10-14 06:07:00,2026-10-14 06:09:00,2026-10-14 06:15:00,2026-10-14 06:15:00,,,,,,,,,,,,TRUE
KL1031,2026-10-14 17:40:00,KL,PH-AYS,E195,M,DEPARTURE,EHAM,HAAB,R07,18L/36R,,KLG,55,0.00,2026-10-14 17:39:00,,,,,,,,,2026-10-14 17:51:00,2026-10-14 17:53:00,2026-10-14 17:25:00,2026-10-14 17:56:00,2026-10-14 17:58:00,2026-10-14 17:51:00,2026-10-14 18:02:00,2026-10-14 17:57:00,2026-10-14 18:04:00,,,TRUE
KL1035,2026-10-14 12:00:00,KL,PH-YMW,A332,H,DEPARTURE,EHAM,LTBA,E20,18L/36R,,KLG,155,0.00,2026-10-14 11:59:00,,,,,,,,,2026-10-14 12:05:00,2026-10-14 12:05:00,2026-10-14 11:36:00,2026-10-14 12:07:00,2026-10-14 12:08:00,2026-10-14 12:07:00,2026-10-14 12:16:00,2026-10-14 12:09:00,2026-10-14 12:17:00,,,TRUE
KL1042,2026-10-14 20:45:00,KL,PH-BWD,E195,M,ARRIVAL,VHHH,EHAM,D52,18C/36C,SUGOL,KLG,97,0.00,,,2026-10-14 08:55:27,2026-10-14 19:56:00,2026-10-14 20:38:00,2026-10-14 20:38:00,2026-10-14 20:40:00,2026-10-14 20:45:00,2026-10-14 20:45:00,,,,,,,,,,,,TRUE
KQ1045,2026-10-14 11:55:00,KQ,5Y-KZY,B788,H,DEPARTURE,EHAM,HKJK,G02,18L/36R,,DNATA,61,0.00,2026-10-14 11:55:00,,,,,,,,,2026-10-14 11:53:00,2026-10-14 11:53:00,2026-10-14 11:26:00,2026-10-14 11:54:00,2026-10-14 11:54:00,2026-10-14 11:52:00,2026-10-14 12:04:00,2026-10-14 11:56:00,2026-10-14 12:06:00,,,TRUE
KL1049,2026-10-14 20:55:00,KL,PH-QRB,B789,H,DEPARTURE,EHAM,EDDF,E18,06/24,,KLG,56,0.00,2026-10-14 20:53:00,,,,,,,,,2026-10-14 21:02:00,2026-10-14 21:02:00,2026-10-14 20:31:00,2026-10-14 21:07:00,2026-10-14 21:07:00,2026-10-14 21:04:00,2026-10-14 21:11:00,2026-10-14 21:08:00,2026-10-14 21:12:00,,,TRUE
AF1053,2026-10-14 14:10:00,AF,F-GUQL,A320,M,DEPARTURE,EHAM,LFPG,D02,18L/36R,,DNATA,30,2.55,2026-10-14 14:12:00,2026-10-14 14:22:00,,,,,,,,2026-10-14 14:12:00,2026-10-14 14:12:00,2026-10-14 13:46:00,2026-10-14 14:11:00,2026-10-14 14:12:00,2026-10-14 14:12:00,2026-10-14 14:18:00,2026-10-14 14:13:00,2026-10-14 14:20:00,,,TRUE
EZY1060,2026-10-14 17:55:00,EZY,G-EZGR,A320,M,ARRIVAL,LIMC,EHAM,C13,18C/36C,RIVER,MENZIES,7,0.00,,,2026-10-14 15:55:06,2026-10-14 17:17:45,2026-10-14 17:46:00,2026-10-14 17:46:00,2026-10-14 17:48:00,2026-10-14 17:55:00,2026-10-14 17:55:00,,,,,,,,,,,,TRUE
KL1061,2026-10-14 19:45:00,KL,PH-CDD,B78X,H,DEPARTURE,EHAM,VTBS,R01,18L/36R,,KLG,25,0.00,2026-10-14 19:45:00,,,,,,,,,2026-10-14 19:49:00,2026-10-14 19:50:00,2026-10-14 19:21:00,2026-10-14 19:52:00,2026-10-14 19:52:00,2026-10-14 19:49:00,2026-10-14 19:59:00,2026-10-14 19:53:00,2026-10-14 19:59:00,,,TRUE
KL1062,2026-10-14 06:00:00,KL,PH-LQT,A332,H,DEPARTURE,EHAM,KIAH,G07,18L/36R,,KLG,172,0.00,2026-10-14 06:01:00,,,,,,,,,2026-10-14 06:04:00,2026-10-14 06:04:00,2026-10-14 05:30:00,2026-10-14 05:58:00,2026-10-14 05:58:00,2026-10-14 06:03:00,2026-10-14 06:16:00,2026-10-14 06:06:00,2026-10-14 06:18:00,,,TRUE
BA1064,2026-10-14 13:15:00,BA,G-EURJ,A321,M,ARRIVAL,EGLL,EHAM,D86,18R/36L,NIRSI,MENZIES,35,0.00,,,2026-10-14 11:45:06,2026-10-14 12:33:01,2026-10-14 12:56:00,2026-10-14 12:56:00,2026-10-14 12:58:00,2026-10-14 13:15:00,2026-10-14 13:15:00,,,,,,,,,,,,TRUE
KL1069,2026-10-14 16:20:00,KL,PH-WJY,B772,H,DEPARTURE,EHAM,RKSI,D88,18L/36R,,KLG,51,0.00,2026-10-14 16:20:00,,,,,,,,,2026-10-14 16:19:00,2026-10-14 16:21:00,2026-10-14 15:44:00,2026-10-14 16:21:00,2026-10-14 16:23:00,2026-10-14 16:20:00,2026-10-14 16:31:00,2026-10-14 16:23:00,2026-10-14 16:32:00,,,TRUE
HV1070,2026-10-14 16:40:00,HV,PH-H1Q,B38M,M,DEPARTURE,EHAM,EGKK,D60,06/24,,AGS,28,0.00,2026-10-14 16:42:00,,,,,,,,,2026-10-14 16:47:00,2026-10-14 16:54:00,2026-10-14 16:15:00,2026-10-14 16:39:00,2026-10-14 16:41:00,2026-10-14 16:51:00,2026-10-14 16:57:00,2026-10-14 16:52:00,2026-10-14 17:00:00,,,TRUE
KL1071,2026-10-14 21:30:00,KL,PH-CUE,A333,H,ARRIVAL,RJTT,EHAM,F03,18C/36C,SUGOL,KLG,165,0.00,,,2026-10-14 09:46:23,2026-10-14 20:45:09,2026-10-14 21:19:00,2026-10-14 21:19:00,2026-10-14 21:21:00,2026-10-14 21:30:00,2026-10-14 21:30:00,,,,,,,,,,,,TRUE
AF1072,2026-10-14 19:00:00,AF,F-GBZH,A320,M,ARRIVAL,LFLL,EHAM,H04,18C/36C,ARTIP,DNATA,71,0.00,,,2026-10-14 16:47:58,2026-10-14 18:29:31,2026-10-14 18:52:00,2026-10-14 18:52:00,2026-10-14 18:54:00,2026-10-14 19:00:00,2026-10-14 19:00:00,,,,,,,,,,,,TRUE
KL1076,2026-10-14 10:55:00,KL,PH-UWL,E195,M,ARRIVAL,EKCH,EHAM,B14,18C/36C,ARTIP,KLG,70,0.00,,,2026-10-14 09:38:27,2026-10-14 10:18:14,2026-10-14 10:44:00,2026-10-14 10:44:00,2026-10-14 10:46:00,2026-10-14 10:55:00,2026-10-14 10:55:00,,,,,,,,,,,,TRUE
KL1080,2026-10-14 19:45:00,KL,PH-WPC,E175,M,ARRIVAL,ENGM,EHAM,E06,18C/36C,ARTIP,KLG,28,0.00,,,2026-10-14 18:07:03,2026-10-14 19:14:54,2026-10-14 19:37:00,2026-10-14 19:37:00,2026-10-14 19:39:00,2026-10-14 19:45:00,2026-10-14 19:45:00,,,,,,,,,,,,TRUE
KL1081,2026-10-14 16:35:00,KL,PH-GDD,B739,M,DEPARTURE,EHAM,KSFO,R05,18L/36R,,KLG,129,0.00,2026-10-14 16:37:00,,,,,,,,,2026-10-14 16:42:00,2026-10-14 16:44:00,2026-10-14 16:11:00,2026-10-14 16:42:00,2026-10-14 16:43:00,2026-10-14 16:46:00,2026-10-14 16:55:00,2026-10-14 16:48:00,2026-10-14 16:55:00,,,TRUE
KL1085,2026-10-14 14:10:00,KL,PH-TBP,B789,H,DEPARTURE,EHAM,SAEZ,R04,18L/36R,,KLG,107,0.00,2026-10-14 14:12:00,,,,,,,,,2026-10-14 14:12:00,2026-10-14 14:12:00,2026-10-14 13:46:00,2026-10-14 14:11:00,2026-10-14 14:11:00,2026-10-14 14:09:00,2026-10-14 14:20:00,2026-10-14 14:13:00,2026-10-14 14:22:00,,,TRUE
KL1089,2026-10-14 08:00:00,KL,PH-GNF,E195,M,DEPARTURE,EHAM,EGLL,G04,18L/36R,,KLG,20,0.00,2026-10-14 08:00:00,,,,,,,,,2026-10-14 08:02:00,2026-10-14 08:03:00,2026-10-14 07:34:00,2026-10-14 07:55:00,2026-10-14 07:55:00,2026-10-14 08:01:00,2026-10-14 08:14:00,2026-10-14 08:02:00,2026-10-14 08:17:00,,,TRUE
KL1093,2026-10-14 07:05:00,KL,PH-SVP,B772,H,ARRIVAL,KATL,EHAM,F03,18C/36C,RIVER,KLG,117,0.00,,,2026-10-13 22:23:04,2026-10-14 06:12:03,2026-10-14 06:54:00,2026-10-14 06:54:00,2026-10-14 06:56:00,2026-10-14 07:05:00,2026-10-14 07:05:00,,,,,,,,,,,,TRUE
AF1094,2026-10-14 13:50:00,AF,F-GESU,A320,M,DEPARTURE,EHAM,LFLL,D18,06/24,,DNATA,108,0.00,2026-10-14 13:51:00,,,,,,,,,2026-10-14 13:52:00,2026-10-14 13:52:00,2026-10-14 13:20:00,2026-10-14 13:55:00,2026-10-14 13:57:00,2026-10-14 13:53:00,2026-10-14 14:02:00,2026-10-14 13:57:00,2026-10-14 14:03:00,,,TRUE
KL1096,2026-10-14 13:50:00,KL,PH-NUF,B78X,H,DEPARTURE,EHAM,LGAV,E02,18L/36R,,KLG,29,0.00,2026-10-14 13:50:00,,,,,,,,,2026-10-14 13:58:00,2026-10-14 13:58:00,2026-10-14 13:30:00,2026-10-14 14:00:00,2026-10-14 14:01:00,2026-10-14 13:58:00,2026-10-14 14:12:00,2026-10-14 14:02:00,2026-10-14 14:13:00,,,TRUE
KL1103,2026-10-14 11:35:00,KL,PH-DDC,E195,M,DEPARTURE,EHAM,HKJK,F08,18L/36R,,KLG,39,0.00,2026-10-14 11:35:00,,,,,,,,,2026-10-14 11:40:00,2026-10-14 11:40:00,2026-10-14 11:12:00,2026-10-14 11:39:00,2026-10-14 11:40:00,2026-10-14 11:43:00,2026-10-14 11:52:00,2026-10-14 11:45:00,2026-10-14 11:55:00,,,TRUE
HV1105,2026-10-14 19:30:00,HV,PH-H2T,B38M,M,ARRIVAL,LGAV,EHAM,C14,18C/36C,ARTIP,AGS,32,0.00,,,2026-10-14 16:23:56,2026-10-14 18:55:12,2026-10-14 19:20:00,2026-10-14 19:20:00,2026-10-14 19:22:00,2026-10-14 19:30:00,2026-10-14 19:30:00,,,,,,,,,,,,TRUE
AF1112,2026-10-14 09:25:00,AF,F-GKLU,A223,M,ARRIVAL,LFML,EHAM,E08,18C/36C,SUGOL,DNATA,69,0.00,,,2026-10-14 07:17:27,2026-10-14 08:52:25,2026-10-14 09:18:00,2026-10-14 09:18:00,2026-10-14 09:20:00,2026-10-14 09:25:00,2026-10-14 09:25:00,,,,,,,,,,,,TRUE
KL1114,2026-10-14 06:40:00,KL,PH-BYV,B77W,H,DEPARTURE,EHAM,DAAG,F04,18L/36R,,KLG,47,0.00,2026-10-14 06:40:00,,,,,,,,,2026-10-14 06:45:00,2026-10-14 06:45:00,2026-10-14 06:16:00,2026-10-14 06:55:00,2026-10-14 06:56:00,2026-10-14 06:43:00,2026-10-14 07:06:00,2026-10-14 06:57:00,2026-10-14 07:06:00,,,TRUE
EZY1118,2026-10-14 14:55:00,EZY,G-EZGS,A320,M,ARRIVAL,EGGW,EHAM,D84,18R/36L,NIRSI,AGS,8,0.00,,,2026-10-14 12:30:24,2026-10-14 14:15:16,2026-10-14 14:33:00,2026-10-14 14:33:00,2026-10-14 14:35:00,2026-10-14 14:55:00,2026-10-14 14:55:00,,,,,,,,,,,,TRUE
KL1119,2026-10-14 10:55:00,KL,PH-ZPQ,E175,M,DEPARTURE,EHAM,EKCH,E20,18L/36R,,KLG,136,4.63,2026-10-14 10:56:00,2026-10-14 11:29:00,,,,,,,,2026-10-14 10:57:00,2026-10-14 11:04:00,2026-10-14 10:32:00,2026-10-14 10:56:00,2026-10-14 10:58:00,2026-10-14 11:06:00,2026-10-14 11:20:00,2026-10-14 11:08:00,2026-10-14 11:22:00,,,TRUE
KL1120,2026-10-14 18:30:00,KL,PH-ZNG,A359,H,ARRIVAL,HAAB,EHAM,D58,18C/36C,RIVER,KLG,84,0.00,,,2026-10-14 10:30:01,2026-10-14 17:40:07,2026-10-14 18:18:00,2026-10-14 18:18:00,2026-10-14 18:20:00,2026-10-14 18:30:00,2026-10-14 18:30:00,,,,,,,,,,,,TRUE
KL1124,2026-10-14 19:10:00,KL,PH-FCX,A333,H,ARRIVAL,VTBS,EHAM,R02,18C/36C,SUGOL,KLG,61,0.00,,,2026-10-14 07:52:22,2026-10-14 18:19:07,2026-10-14 18:56:00,2026-10-14 18:56:00,2026-10-14 18:58:00,2026-10-14 19:10:00,2026-10-14 19:10:00,,,,,,,,,,,,TRUE
KL1128,2026-10-14 16:30:00,KL,PH-GCA,B738,M,ARRIVAL,EDDF,EHAM,B17,18C/36C,RIVER,KLG,133,0.00,,,2026-10-14 15:17:41,2026-10-14 15:57:01,2026-10-14 16:19:00,2026-10-14 16:19:00,2026-10-14 16:21:00,2026-10-14 16:30:00,2026-10-14 16:30:00,,,,,,,,,,,,TRUE
LH1134,2026-10-14 13:25:00,LH,D-AIFA,A21N,M,ARRIVAL,EDDF,EHAM,B16,18C/36C,SUGOL,MENZIES,13,0.00,,,2026-10-14 12:17:04,2026-10-14 12:51:52,2026-10-14 13:17:00,2026-10-14 13:17:00,2026-10-14 13:19:00,2026-10-14 13:25:00,2026-10-14 13:25:00,,,,,,,,,,,,TRUE
KL1137,2026-10-14 20:20:00,KL,PH-LFW,E190,M,DEPARTURE,EHAM,RKSI,D58,18L/36R,,KLG,46,0.00,2026-10-14 20:19:00,,,,,,,,,2026-10-14 20:21:00,2026-10-14 20:21:00,2026-10-14 19:50:00,2026-10-14 20:16:00,2026-10-14 20:16:00,2026-10-14 20:23:00,2026-10-14 20:34:00,2026-10-14 20:25:00,2026-10-14 20:36:00,,,TRUE
KL1144,2026-10-14 07:25:00,KL,PH-LWB,B78X,H,DEPARTURE,EHAM,KSEA,R06,18L/36R,,KLG,58,0.00,2026-10-14 07:25:00,,,,,,,,,2026-10-14 07:30:00,2026-10-14 07:32:00,2026-10-14 06:58:00,2026-10-14 07:22:00,2026-10-14 07:22:00,2026-10-14 07:36:00,2026-10-14 07:47:00,2026-10-14 07:39:00,2026-10-14 07:49:00,,,TRUE
KL1148,2026-10-14 16:35:00,KL,PH-SCP,A332,H,DEPARTURE,EHAM,KATL,M02,06/24,,KLG,33,0.00,2026-10-14 16:35:00,,,,,,,,,2026-10-14 16:39:00,2026-10-14 16:43:00,2026-10-14 16:08:00,2026-10-14 16:27:00,2026-10-14 16:27:00,2026-10-14 16:41:00,2026-10-14 16:46:00,2026-10-14 16:44:00,2026-10-14 16:47:00,,,TRUE
KL1149,2026-10-14 08:30:00,KL,PH-QKN,A332,H,DEPARTURE,EHAM,KJFK,M04,18L/36R,,KLG,96,0.00,2026-10-14 08:30:00,,,,,,,,,2026-10-14 08:34:00,2026-10-14 08:39:00,2026-10-14 08:07:00,2026-10-14 08:35:00,2026-10-14 08:35:00,2026-10-14 08:36:00,2026-10-14 08:48:00,2026-10-14 08:38:00,2026-10-14 08:51:00,,,TRUE
EK1156,2026-10-14 10:30:00,EK,A6-EEY,B77W,H,DEPARTURE,EHAM,OMDB,M05,06/24,,AGS,79,0.00,2026-10-14 10:32:00,,,,,,,,,2026-10-14 10:47:00,2026-10-14 10:56:00,2026-10-14 10:18:00,2026-10-14 10:47:00,2026-10-14 10:48:00,2026-10-14 10:56:00,2026-10-14 11:00:00,2026-10-14 10:57:00,2026-10-14 11:00:00,,,TRUE
KL1157,2026-10-14 19:30:00,KL,PH-UKZ,B789,H,ARRIVAL,RJTT,EHAM,D82,18C/36C,RIVER,KLG,152,0.00,,,2026-10-14 07:53:23,2026-10-14 18:41:52,2026-10-14 19:19:00,2026-10-14 19:19:00,2026-10-14 19:21:00,2026-10-14 19:30:00,2026-10-14 19:30:00,,,,,,,,,,,,TRUE
AF1163,2026-10-14 15:14:00,AF,F-GFFM,A320,M,DEPARTURE,EHAM,LFLL,C04,18L/36R,,DNATA,51,0.00,2026-10-14 15:14:00,,,,,,,,,2026-10-14 15:15:00,2026-10-14 15:15:00,2026-10-14 14:41:00,2026-10-14 15:16:00,2026-10-14 15:16:00,2026-10-14 15:14:00,2026-10-14 15:24:00,2026-10-14 15:17:00,2026-10-14 15:27:00,,,TRUE
KL1166,2026-10-14 06:30:00,KL,PH-JAX,B77W,H,ARRIVAL,EPWA,EHAM,D12,18C/36C,SUGOL,KLG,36,0.00,,,2026-10-14 04:35:52,2026-10-14 05:51:50,2026-10-14 06:20:00,2026-10-14 06:20:00,2026-10-14 06:22:00,2026-10-14 06:30:00,2026-10-14 06:30:00,,,,,,,,,,,,TRUE
KL1167,2026-10-14 15:10:00,KL,PH-DAQ,B772,H,DEPARTURE,EHAM,LEMD,E02,18L/36R,,KLG,107,0.00,2026-10-14 15:11:00,,,,,,,,,2026-10-14 15:05:00,2026-10-14 15:05:00,2026-10-14 14:39:00,2026-10-14 15:13:00,2026-10-14 15:13:00,2026-10-14 15:04:00,2026-10-14 15:22:00,2026-10-14 15:15:00,2026-10-14 15:24:00,,,TRUE
KL1170,2026-10-14 10:55:00,KL,PH-ZNK,B789,H,DEPARTURE,EHAM,VHHH,R07,18L/36R,,KLG,79,0.00,2026-10-14 10:53:00,,,,,,,,,2026-10-14 10:58:00,2026-10-14 11:04:00,2026-10-14 10:24:00,2026-10-14 11:00:00,2026-10-14 11:01:00,2026-10-14 11:06:00,2026-10-14 11:18:00,2026-10-14 11:08:00,2026-10-14 11:20:00,,,TRUE
LH1173,2026-10-14 17:15:00,LH,D-AIXR,A319,M,DEPARTURE,EHAM,EDDF,E18,18L/36R,,MENZIES,5,0.00,2026-10-14 17:22:00,,,,,,,,,2026-10-14 17:23:00,2026-10-14 17:28:00,2026-10-14 16:50:00,2026-10-14 17:24:00,2026-10-14 17:26:00,2026-10-14 17:31:00,2026-10-14 17:39:00,2026-10-14 17:32:00,2026-10-14 17:41:00,,,TRUE
HV1175,2026-10-14 06:05:00,HV,PH-H3K,B38M,M,ARRIVAL,LIMC,EHAM,C11,18C/36C,RIVER,AGS,37,0.00,,,2026-10-14 03:56:51,2026-10-14 05:31:19,2026-10-14 05:54:00,2026-10-14 05:54:00,2026-10-14 05:56:00,2026-10-14 06:05:00,2026-10-14 06:05:00,,,,,,,,,,,,TRUE
KL1176,2026-10-14 17:05:00,KL,PH-KEZ,B789,H,ARRIVAL,LIRF,EHAM,E16,18C/36C,RIVER,KLG,157,0.00,,,2026-10-14 14:38:29,2026-10-14 16:33:27,2026-10-14 16:58:00,2026-10-14 16:58:00,2026-10-14 17:00:00,2026-10-14 17:05:00,2026-10-14 17:05:00,,,,,,,,,,,,TRUE
5X1180,2026-10-14 19:00:00,5X,N302UP,B763,H,ARRIVAL,KSDF,EHAM,F09,18C/36C,SUGOL,AGS,13,0.00,,,2026-10-14 16:54:09,2026-10-14 18:31:59,2026-10-14 18:52:00,2026-10-14 18:52:00,2026-10-14 18:54:00,2026-10-14 19:00:00,2026-10-14 19:00:00,,,,,,,,,,,,TRUE
KL1187,2026-10-14 19:05:00,KL,PH-EGG,E190,M,DEPARTURE,EHAM,EIDW,F03,18L/36R,,KLG,168,0.00,2026-10-14 19:04:00,,,,,,,,,2026-10-14 19:03:00,2026-10-14 19:12:00,2026-10-14 18:37:00,2026-10-14 19:13:00,2026-10-14 19:15:00,2026-10-14 19:10:00,2026-10-14 19:26:00,2026-10-14 19:15:00,2026-10-14 19:27:00,,,TRUE
W61189,2026-10-14 20:15:00,W6,HA-LVM,A320,M,DEPARTURE,EHAM,LROP,E04,18L/36R,,DNATA,31,2.73,2026-10-14 20:18:00,2026-10-14 20:28:00,,,,,,,,2026-10-14 20:12:00,2026-10-14 20:12:00,2026-10-14 19:42:00,2026-10-14 20:13:00,2026-10-14 20:14:00,2026-10-14 20:11:00,2026-10-14 20:23:00,2026-10-14 20:15:00,2026-10-14 20:25:00,,,TRUE
KL1190,2026-10-14 15:23:00,KL,PH-FVY,B739,M,DEPARTURE,EHAM,WSSS,R01,18L/36R,,KLG,157,1.99,2026-10-14 15:22:00,2026-10-14 09:00:00,,,,,,,,2026-10-14 15:25:00,2026-10-14 15:25:00,2026-10-14 14:54:00,2026-10-14 15:28:00,2026-10-14 15:30:00,2026-10-14 15:26:00,2026-10-14 15:37:00,2026-10-14 15:29:00,2026-10-14 15:40:00,,,TRUE
KL1194,2026-10-14 13:55:00,KL,PH-EKG,B772,H,DEPARTURE,EHAM,LOWW,E06,18L/36R,,KLG,110,0.00,2026-10-14 13:56:00,,,,,,,,,2026-10-14 13:59:00,2026-10-14 13:59:00,2026-10-14 13:33:00,2026-10-14 14:01:00,2026-10-14 14:02:00,2026-10-14 14:00:00,2026-10-14 14:13:00,2026-10-14 14:03:00,2026-10-14 14:16:00,,,TRUE
KL1197,2026-10-14 16:50:00,KL,PH-NAV,E190,M,DEPARTURE,EHAM,EIDW,D86,18L/36R,,KLG,69,0.00,2026-10-14 16:50:00,,,,,,,,,2026-10-14 16:53:00,2026-10-14 16:58:00,2026-10-14 16:27:00,2026-10-14 16:50:00,2026-10-14 16:51:00,2026-10-14 16:59:00,2026-10-14 17:10:00,2026-10-14 17:02:00,2026-10-14 17:11:00,,,TRUE
KL1203,2026-10-14 18:45:00,KL,PH-FLN,B739,M,ARRIVAL,KATL,EHAM,M07,18R/36L,NIRSI,KLG,44,0.00,,,2026-10-14 10:06:18,2026-10-14 18:09:55,2026-10-14 18:35:00,2026-10-14 18:35:00,2026-10-14 18:37:00,2026-10-14 18:45:00,2026-10-14 18:45:00,,,,,,,,,,,,TRUE
KL1210,2026-10-14 11:50:00,KL,PH-MQS,A332,H,DEPARTURE,EHAM,ESSA,D10,18L/36R,,KLG,165,3.30,2026-10-14 11:48:00,2026-10-14 11:58:00,,,,,,,,2026-10-14 11:49:00,2026-10-14 11:49:00,2026-10-14 11:15:00,2026-10-14 11:49:00,2026-10-14 11:49:00,2026-10-14 11:52:00,2026-10-14 12:02:00,2026-10-14 11:54:00,2026-10-14 12:04:00,,,TRUE
KL1212,2026-10-14 16:19:00,KL,PH-HZX,E190,M,DEPARTURE,EHAM,RJTT,M01,18L/36R,,KLG,156,4.88,2026-10-14 16:17:00,2026-10-14 18:00:00,,,,,,,,2026-10-14 16:23:00,2026-10-14 16:25:00,2026-10-14 15:49:00,2026-10-14 16:32:00,2026-10-14 16:34:00,2026-10-14 16:26:00,2026-10-14 16:46:00,2026-10-14 16:33:00,2026-10-14 16:47:00,,,TRUE
KL1216,2026-10-14 11:20:00,KL,PH-VRB,B789,H,ARRIVAL,LIMC,EHAM,E22,18C/36C,SUGOL,KLG,87,0.00,,,2026-10-14 09:28:04,2026-10-14 10:46:49,2026-10-14 11:12:00,2026-10-14 11:12:00,2026-10-14 11:14:00,2026-10-14 11:20:00,2026-10-14 11:20:00,,,,,,,,,,,,TRUE
HV1220,2026-10-14 11:05:00,HV,PH-H6M,B38M,M,DEPARTURE,EHAM,LEBL,B23,18L/36R,,AGS,9,0.00,2026-10-14 11:09:00,,,,,,,,,2026-10-14 11:16:00,2026-10-14 11:16:00,2026-10-14 10:47:00,2026-10-14 11:15:00,2026-10-14 11:17:00,2026-10-14 11:17:00,2026-10-14 11:26:00,2026-10-14 11:19:00,2026-10-14 11:27:00,,,TRUE
KL1225,2026-10-14 12:00:00,KL,PH-SZZ,E175,M,DEPARTURE,EHAM,RKSI,D84,18L/36R,,KLG,142,1.33,2026-10-14 12:02:00,2026-10-14 12:11:00,,,,,,,,2026-10-14 12:02:00,2026-10-14 12:02:00,2026-10-14 11:36:00,2026-10-14 12:02:00,2026-10-14 12:03:00,2026-10-14 12:02:00,2026-10-14 12:12:00,2026-10-14 12:03:00,2026-10-14 12:14:00,,,TRUE
KL1227,2026-10-14 07:05:00,KL,PH-WWE,B77W,H,ARRIVAL,LTBA,EHAM,E04,18C/36C,SUGOL,KLG,83,0.00,,,2026-10-14 03:29:38,2026-10-14 06:33:36,2026-10-14 06:58:00,2026-10-14 06:58:00,2026-10-14 07:00:00,2026-10-14 07:05:00,2026-10-14 07:05:00,,,,,,,,,,,,TRUE
KL1238,2026-10-14 13:40:00,KL,PH-FBA,B78X,H,ARRIVAL,KSFO,EHAM,G04,18C/36C,RIVER,KLG,97,0.00,,,2026-10-14 03:13:46,2026-10-14 12:58:17,2026-10-14 13:30:00,2026-10-14 13:30:00,2026-10-14 13:32:00,2026-10-14 13:40:00,2026-10-14 13:40:00,,,,,,,,,,,,TRUE
KL1242,2026-10-14 10:50:00,KL,PH-GUN,E190,M,DEPARTURE,EHAM,HAAB,G04,18L/36R,,KLG,53,0.00,2026-10-14 10:51:00,,,,,,,,,2026-10-14 10:49:00,2026-10-14 10:49:00,2026-10-14 10:14:00,2026-10-14 10:47:00,2026-10-14 10:49:00,2026-10-14 10:50:00,2026-10-14 11:01:00,2026-10-14 10:52:00,2026-10-14 11:01:00,,,TRUE
KL1243,2026-10-14 16:10:00,KL,PH-SSA,E190,M,DEPARTURE,EHAM,KIAD,R01,18L/36R,,KLG,84,0.00,2026-10-14 16:10:00,,,,,,,,,2026-10-14 16:10:00,2026-10-14 16:10:00,2026-10-14 15:39:00,2026-10-14 16:16:00,2026-10-14 16:17:00,2026-10-14 16:07:00,2026-10-14 16:29:00,2026-10-14 16:18:00,2026-10-14 16:29:00,,,TRUE
KL1245,2026-10-14 11:00:00,KL,PH-YJT,A359,H,DEPARTURE,EHAM,GMMN,R05,18L/36R,,KLG,171,0.00,2026-10-14 10:58:00,,,,,,,,,2026-10-14 11:03:00,2026-10-14 11:03:00,2026-10-14 10:38:00,2026-10-14 11:04:00,2026-10-14 11:04:00,2026-10-14 11:06:00,2026-10-14 11:12:00,2026-10-14 11:08:00,2026-10-14 11:14:00,,,TRUE
KL1247,2026-10-14 15:25:00,KL,PH-HZJ,E175,M,ARRIVAL,RJTT,EHAM,R08,18C/36C,ARTIP,KLG,160,0.00,,,2026-10-14 03:56:29,2026-10-14 14:41:27,2026-10-14 15:16:00,2026-10-14 15:16:00,2026-10-14 15:18:00,2026-10-14 15:25:00,2026-10-14 15:25:00,,,,,,,,,,,,TRUE
