USE DATABASE ACDM_DEMO;
USE SCHEMA EHAM;

-- ----- Operators -----
INSERT INTO dim_operator VALUES ('KL', 'KLM', 'KLM Royal Dutch Airlines', 'SkyTeam', 40, 90);
INSERT INTO dim_operator VALUES ('HV', 'TRA', 'Transavia', NULL, 25, 0);
INSERT INTO dim_operator VALUES ('AF', 'AFR', 'Air France', 'SkyTeam', 45, 90);
INSERT INTO dim_operator VALUES ('DL', 'DAL', 'Delta Air Lines', 'SkyTeam', 0, 120);
INSERT INTO dim_operator VALUES ('KQ', 'KQA', 'Kenya Airways', 'SkyTeam', 0, 120);
INSERT INTO dim_operator VALUES ('BA', 'BAW', 'British Airways', 'Oneworld', 35, 0);
INSERT INTO dim_operator VALUES ('LH', 'DLH', 'Lufthansa', 'Star', 35, 0);
INSERT INTO dim_operator VALUES ('EZY', 'EZY', 'easyJet', NULL, 25, 0);
INSERT INTO dim_operator VALUES ('FR', 'RYR', 'Ryanair', NULL, 25, 0);
INSERT INTO dim_operator VALUES ('W6', 'WZZ', 'Wizz Air', NULL, 25, 0);
INSERT INTO dim_operator VALUES ('TK', 'THY', 'Turkish Airlines', 'Star', 35, 90);
INSERT INTO dim_operator VALUES ('EK', 'UAE', 'Emirates', NULL, 0, 90);
INSERT INTO dim_operator VALUES ('SQ', 'SIA', 'Singapore Airlines', 'Star', 0, 90);
INSERT INTO dim_operator VALUES ('5X', 'UPS', 'UPS Airlines', NULL, 0, 90);

-- ----- Runways -----
INSERT INTO dim_runway VALUES ('18R/36L', 'Polderbaan', 3800, 'LANDING');
INSERT INTO dim_runway VALUES ('18C/36C', 'Zwanenburgbaan', 3300, 'BOTH');
INSERT INTO dim_runway VALUES ('18L/36R', 'Aalsmeerbaan', 3400, 'DEPARTURE');
INSERT INTO dim_runway VALUES ('06/24', 'Kaagbaan', 3500, 'BOTH');
INSERT INTO dim_runway VALUES ('09/27', 'Buitenveldertbaan', 3453, 'BOTH');
INSERT INTO dim_runway VALUES ('04/22', 'Schiphol-Oost', 2014, 'BOTH');

-- ----- Fixes -----
INSERT INTO dim_fix VALUES ('ARTIP', 'IAF', '27');
INSERT INTO dim_fix VALUES ('SUGOL', 'IAF', '18C');
INSERT INTO dim_fix VALUES ('RIVER', 'IAF', '18C');
INSERT INTO dim_fix VALUES ('NIRSI', 'IAF', '18R');

-- ----- Ground handlers -----
INSERT INTO dim_ground_handler VALUES ('KLG', 'KLM Ground Services');
INSERT INTO dim_ground_handler VALUES ('AGS', 'Aviapartner Ground Services');
INSERT INTO dim_ground_handler VALUES ('DNATA', 'dnata Aviation Services Netherlands');
INSERT INTO dim_ground_handler VALUES ('MENZIES', 'Menzies Aviation');

-- ----- Stands -----
INSERT INTO dim_stand VALUES ('B11', 'B', TRUE, 'M', TRUE);
INSERT INTO dim_stand VALUES ('B12', 'B', FALSE, 'M', TRUE);
INSERT INTO dim_stand VALUES ('B13', 'B', TRUE, 'M', TRUE);
INSERT INTO dim_stand VALUES ('B14', 'B', TRUE, 'M', TRUE);
INSERT INTO dim_stand VALUES ('B15', 'B', FALSE, 'M', TRUE);
INSERT INTO dim_stand VALUES ('B16', 'B', TRUE, 'M', TRUE);
INSERT INTO dim_stand VALUES ('B17', 'B', TRUE, 'M', TRUE);
INSERT INTO dim_stand VALUES ('B18', 'B', FALSE, 'M', TRUE);
INSERT INTO dim_stand VALUES ('B19', 'B', TRUE, 'M', TRUE);
INSERT INTO dim_stand VALUES ('B20', 'B', TRUE, 'M', TRUE);
INSERT INTO dim_stand VALUES ('B21', 'B', FALSE, 'M', TRUE);
INSERT INTO dim_stand VALUES ('B22', 'B', TRUE, 'M', TRUE);
INSERT INTO dim_stand VALUES ('B23', 'B', TRUE, 'M', TRUE);
INSERT INTO dim_stand VALUES ('B24', 'B', FALSE, 'M', TRUE);
INSERT INTO dim_stand VALUES ('B25', 'B', TRUE, 'M', TRUE);
INSERT INTO dim_stand VALUES ('B26', 'B', TRUE, 'M', TRUE);
INSERT INTO dim_stand VALUES ('B27', 'B', FALSE, 'M', TRUE);
INSERT INTO dim_stand VALUES ('B28', 'B', TRUE, 'M', TRUE);
INSERT INTO dim_stand VALUES ('B29', 'B', TRUE, 'M', TRUE);
INSERT INTO dim_stand VALUES ('B30', 'B', FALSE, 'M', TRUE);
INSERT INTO dim_stand VALUES ('B31', 'B', TRUE, 'M', TRUE);
INSERT INTO dim_stand VALUES ('B32', 'B', TRUE, 'M', TRUE);
INSERT INTO dim_stand VALUES ('B33', 'B', FALSE, 'M', TRUE);
INSERT INTO dim_stand VALUES ('B34', 'B', TRUE, 'M', TRUE);
INSERT INTO dim_stand VALUES ('B35', 'B', TRUE, 'M', TRUE);
INSERT INTO dim_stand VALUES ('B36', 'B', FALSE, 'M', TRUE);
INSERT INTO dim_stand VALUES ('C04', 'C', TRUE, 'M', TRUE);
INSERT INTO dim_stand VALUES ('C05', 'C', TRUE, 'M', TRUE);
INSERT INTO dim_stand VALUES ('C06', 'C', TRUE, 'M', TRUE);
INSERT INTO dim_stand VALUES ('C07', 'C', TRUE, 'M', TRUE);
INSERT INTO dim_stand VALUES ('C08', 'C', TRUE, 'M', TRUE);
INSERT INTO dim_stand VALUES ('C09', 'C', TRUE, 'M', TRUE);
INSERT INTO dim_stand VALUES ('C10', 'C', TRUE, 'M', TRUE);
INSERT INTO dim_stand VALUES ('C11', 'C', TRUE, 'M', TRUE);
INSERT INTO dim_stand VALUES ('C12', 'C', TRUE, 'M', TRUE);
INSERT INTO dim_stand VALUES ('C13', 'C', TRUE, 'M', TRUE);
INSERT INTO dim_stand VALUES ('C14', 'C', TRUE, 'M', TRUE);
INSERT INTO dim_stand VALUES ('C15', 'C', TRUE, 'M', TRUE);
INSERT INTO dim_stand VALUES ('C16', 'C', TRUE, 'M', TRUE);
INSERT INTO dim_stand VALUES ('D02', 'D', TRUE, 'H', TRUE);
INSERT INTO dim_stand VALUES ('D04', 'D', TRUE, 'H', TRUE);
INSERT INTO dim_stand VALUES ('D06', 'D', TRUE, 'H', TRUE);
INSERT INTO dim_stand VALUES ('D08', 'D', TRUE, 'H', TRUE);
INSERT INTO dim_stand VALUES ('D10', 'D', TRUE, 'H', TRUE);
INSERT INTO dim_stand VALUES ('D12', 'D', TRUE, 'H', TRUE);
INSERT INTO dim_stand VALUES ('D14', 'D', TRUE, 'H', TRUE);
INSERT INTO dim_stand VALUES ('D16', 'D', TRUE, 'H', TRUE);
INSERT INTO dim_stand VALUES ('D18', 'D', TRUE, 'H', TRUE);
INSERT INTO dim_stand VALUES ('D20', 'D', TRUE, 'H', TRUE);
INSERT INTO dim_stand VALUES ('D22', 'D', TRUE, 'H', TRUE);
INSERT INTO dim_stand VALUES ('D24', 'D', TRUE, 'H', TRUE);
INSERT INTO dim_stand VALUES ('D26', 'D', TRUE, 'H', TRUE);
INSERT INTO dim_stand VALUES ('D28', 'D', TRUE, 'H', TRUE);
INSERT INTO dim_stand VALUES ('D30', 'D', TRUE, 'H', TRUE);
INSERT INTO dim_stand VALUES ('D50', 'D', TRUE, 'H', FALSE);
INSERT INTO dim_stand VALUES ('D52', 'D', TRUE, 'H', FALSE);
INSERT INTO dim_stand VALUES ('D54', 'D', TRUE, 'H', FALSE);
INSERT INTO dim_stand VALUES ('D56', 'D', TRUE, 'H', FALSE);
INSERT INTO dim_stand VALUES ('D58', 'D', TRUE, 'H', FALSE);
INSERT INTO dim_stand VALUES ('D60', 'D', TRUE, 'H', FALSE);
INSERT INTO dim_stand VALUES ('D80', 'D', TRUE, 'H', FALSE);
INSERT INTO dim_stand VALUES ('D82', 'D', TRUE, 'H', FALSE);
INSERT INTO dim_stand VALUES ('D84', 'D', TRUE, 'H', FALSE);
INSERT INTO dim_stand VALUES ('D86', 'D', TRUE, 'H', FALSE);
INSERT INTO dim_stand VALUES ('D88', 'D', TRUE, 'H', FALSE);
INSERT INTO dim_stand VALUES ('E02', 'E', TRUE, 'H', TRUE);
INSERT INTO dim_stand VALUES ('E04', 'E', TRUE, 'H', TRUE);
INSERT INTO dim_stand VALUES ('E06', 'E', TRUE, 'H', TRUE);
INSERT INTO dim_stand VALUES ('E08', 'E', TRUE, 'H', TRUE);
INSERT INTO dim_stand VALUES ('E10', 'E', TRUE, 'H', TRUE);
INSERT INTO dim_stand VALUES ('E14', 'E', TRUE, 'H', TRUE);
INSERT INTO dim_stand VALUES ('E16', 'E', TRUE, 'H', TRUE);
INSERT INTO dim_stand VALUES ('E18', 'E', TRUE, 'H', TRUE);
INSERT INTO dim_stand VALUES ('E20', 'E', TRUE, 'H', TRUE);
INSERT INTO dim_stand VALUES ('E22', 'E', TRUE, 'H', TRUE);
INSERT INTO dim_stand VALUES ('E24', 'E', TRUE, 'H', TRUE);
INSERT INTO dim_stand VALUES ('F02', 'F', TRUE, 'H', FALSE);
INSERT INTO dim_stand VALUES ('F03', 'F', TRUE, 'H', FALSE);
INSERT INTO dim_stand VALUES ('F04', 'F', TRUE, 'H', FALSE);
INSERT INTO dim_stand VALUES ('F05', 'F', TRUE, 'H', FALSE);
INSERT INTO dim_stand VALUES ('F06', 'F', TRUE, 'H', FALSE);
INSERT INTO dim_stand VALUES ('F07', 'F', TRUE, 'H', FALSE);
INSERT INTO dim_stand VALUES ('F08', 'F', TRUE, 'H', FALSE);
INSERT INTO dim_stand VALUES ('F09', 'F', TRUE, 'H', FALSE);
INSERT INTO dim_stand VALUES ('G02', 'G', TRUE, 'J', FALSE);
INSERT INTO dim_stand VALUES ('G03', 'G', TRUE, 'J', FALSE);
INSERT INTO dim_stand VALUES ('G04', 'G', TRUE, 'J', FALSE);
INSERT INTO dim_stand VALUES ('G05', 'G', TRUE, 'J', FALSE);
INSERT INTO dim_stand VALUES ('G06', 'G', TRUE, 'J', FALSE);
INSERT INTO dim_stand VALUES ('G07', 'G', TRUE, 'J', FALSE);
INSERT INTO dim_stand VALUES ('G08', 'G', TRUE, 'J', FALSE);
INSERT INTO dim_stand VALUES ('G09', 'G', TRUE, 'J', FALSE);
INSERT INTO dim_stand VALUES ('H01', 'H', TRUE, 'M', TRUE);
INSERT INTO dim_stand VALUES ('H02', 'H', TRUE, 'M', TRUE);
INSERT INTO dim_stand VALUES ('H03', 'H', TRUE, 'M', TRUE);
INSERT INTO dim_stand VALUES ('H04', 'H', TRUE, 'M', TRUE);
INSERT INTO dim_stand VALUES ('H05', 'H', TRUE, 'M', TRUE);
INSERT INTO dim_stand VALUES ('H06', 'H', TRUE, 'M', TRUE);
INSERT INTO dim_stand VALUES ('H07', 'H', TRUE, 'M', TRUE);
INSERT INTO dim_stand VALUES ('H08', 'H', TRUE, 'M', TRUE);
INSERT INTO dim_stand VALUES ('M01', 'M', TRUE, 'H', FALSE);
INSERT INTO dim_stand VALUES ('M02', 'M', TRUE, 'H', FALSE);
INSERT INTO dim_stand VALUES ('M03', 'M', TRUE, 'H', FALSE);
INSERT INTO dim_stand VALUES ('M04', 'M', TRUE, 'H', FALSE);
INSERT INTO dim_stand VALUES ('M05', 'M', TRUE, 'H', FALSE);
INSERT INTO dim_stand VALUES ('M06', 'M', TRUE, 'H', FALSE);
INSERT INTO dim_stand VALUES ('M07', 'M', TRUE, 'H', FALSE);
INSERT INTO dim_stand VALUES ('R01', 'R', FALSE, 'H', FALSE);
INSERT INTO dim_stand VALUES ('R02', 'R', FALSE, 'H', FALSE);
INSERT INTO dim_stand VALUES ('R03', 'R', FALSE, 'H', FALSE);
INSERT INTO dim_stand VALUES ('R04', 'R', FALSE, 'H', FALSE);
INSERT INTO dim_stand VALUES ('R05', 'R', FALSE, 'H', FALSE);
INSERT INTO dim_stand VALUES ('R06', 'R', FALSE, 'H', FALSE);
INSERT INTO dim_stand VALUES ('R07', 'R', FALSE, 'H', FALSE);
INSERT INTO dim_stand VALUES ('R08', 'R', FALSE, 'H', FALSE);
INSERT INTO dim_stand VALUES ('R09', 'R', FALSE, 'H', FALSE);

-- ----- Taxi-in matrix -----
INSERT INTO taxi_time_in VALUES ('SUGOL', '18C', 'B', 8, 2);
INSERT INTO taxi_time_in VALUES ('SUGOL', '18C', 'C', 7, 2);
INSERT INTO taxi_time_in VALUES ('SUGOL', '18C', 'D', 7, 2);
INSERT INTO taxi_time_in VALUES ('SUGOL', '18C', 'E', 6, 2);
INSERT INTO taxi_time_in VALUES ('SUGOL', '18C', 'F', 6, 2);
INSERT INTO taxi_time_in VALUES ('SUGOL', '18C', 'G', 7, 2);
INSERT INTO taxi_time_in VALUES ('SUGOL', '18C', 'H', 8, 2);
INSERT INTO taxi_time_in VALUES ('SUGOL', '18C', 'M', 7, 2);
INSERT INTO taxi_time_in VALUES ('SUGOL', '18C', 'R', 10, 3);
INSERT INTO taxi_time_in VALUES ('RIVER', '18C', 'B', 8, 2);
INSERT INTO taxi_time_in VALUES ('RIVER', '18C', 'C', 7, 2);
INSERT INTO taxi_time_in VALUES ('RIVER', '18C', 'D', 7, 2);
INSERT INTO taxi_time_in VALUES ('RIVER', '18C', 'E', 6, 2);
INSERT INTO taxi_time_in VALUES ('RIVER', '18C', 'F', 6, 2);
INSERT INTO taxi_time_in VALUES ('RIVER', '18C', 'G', 7, 2);
INSERT INTO taxi_time_in VALUES ('RIVER', '18C', 'H', 8, 2);
INSERT INTO taxi_time_in VALUES ('RIVER', '18C', 'M', 7, 2);
INSERT INTO taxi_time_in VALUES ('RIVER', '18C', 'R', 10, 3);
INSERT INTO taxi_time_in VALUES ('ARTIP', '27', 'B', 7, 2);
INSERT INTO taxi_time_in VALUES ('ARTIP', '27', 'C', 6, 2);
INSERT INTO taxi_time_in VALUES ('ARTIP', '27', 'D', 6, 2);
INSERT INTO taxi_time_in VALUES ('ARTIP', '27', 'E', 5, 2);
INSERT INTO taxi_time_in VALUES ('ARTIP', '27', 'F', 5, 2);
INSERT INTO taxi_time_in VALUES ('ARTIP', '27', 'G', 6, 2);
INSERT INTO taxi_time_in VALUES ('ARTIP', '27', 'H', 7, 2);
INSERT INTO taxi_time_in VALUES ('ARTIP', '27', 'M', 6, 2);
INSERT INTO taxi_time_in VALUES ('ARTIP', '27', 'R', 9, 3);
INSERT INTO taxi_time_in VALUES ('NIRSI', '18R', 'B', 12, 3);
INSERT INTO taxi_time_in VALUES ('NIRSI', '18R', 'C', 11, 3);
INSERT INTO taxi_time_in VALUES ('NIRSI', '18R', 'D', 11, 3);
INSERT INTO taxi_time_in VALUES ('NIRSI', '18R', 'E', 11, 3);
INSERT INTO taxi_time_in VALUES ('NIRSI', '18R', 'F', 10, 3);
INSERT INTO taxi_time_in VALUES ('NIRSI', '18R', 'G', 10, 3);
INSERT INTO taxi_time_in VALUES ('NIRSI', '18R', 'H', 12, 3);
INSERT INTO taxi_time_in VALUES ('NIRSI', '18R', 'M', 10, 3);
INSERT INTO taxi_time_in VALUES ('NIRSI', '18R', 'R', 5, 2);

-- ----- Taxi-out matrix -----
INSERT INTO taxi_time_out VALUES ('B', '18L', 5, 2);
INSERT INTO taxi_time_out VALUES ('C', '18L', 7, 2);
INSERT INTO taxi_time_out VALUES ('D', '18L', 8, 2);
INSERT INTO taxi_time_out VALUES ('E', '18L', 9, 2);
INSERT INTO taxi_time_out VALUES ('F', '18L', 10, 3);
INSERT INTO taxi_time_out VALUES ('G', '18L', 11, 3);
INSERT INTO taxi_time_out VALUES ('H', '18L', 6, 2);
INSERT INTO taxi_time_out VALUES ('M', '18L', 10, 3);
INSERT INTO taxi_time_out VALUES ('R', '18L', 7, 2);
INSERT INTO taxi_time_out VALUES ('B', '24', 10, 3);
INSERT INTO taxi_time_out VALUES ('C', '24', 11, 3);
INSERT INTO taxi_time_out VALUES ('D', '24', 12, 3);
INSERT INTO taxi_time_out VALUES ('E', '24', 13, 3);
INSERT INTO taxi_time_out VALUES ('F', '24', 14, 4);
INSERT INTO taxi_time_out VALUES ('G', '24', 15, 4);
INSERT INTO taxi_time_out VALUES ('H', '24', 10, 3);
INSERT INTO taxi_time_out VALUES ('M', '24', 14, 4);
INSERT INTO taxi_time_out VALUES ('R', '24', 11, 3);
INSERT INTO taxi_time_out VALUES ('B', '09', 8, 2);
INSERT INTO taxi_time_out VALUES ('C', '09', 9, 2);
INSERT INTO taxi_time_out VALUES ('D', '09', 10, 3);
INSERT INTO taxi_time_out VALUES ('E', '09', 11, 3);
INSERT INTO taxi_time_out VALUES ('F', '09', 12, 3);
INSERT INTO taxi_time_out VALUES ('G', '09', 13, 3);
INSERT INTO taxi_time_out VALUES ('H', '09', 8, 2);
INSERT INTO taxi_time_out VALUES ('M', '09', 12, 3);
INSERT INTO taxi_time_out VALUES ('R', '09', 9, 2);

-- ----- Weather event (storm scenario for Act 4) -----
INSERT INTO weather_event VALUES ('WX_2026101415', TO_TIMESTAMP_NTZ('2026-10-14 15:00:00'), TO_TIMESTAMP_NTZ('2026-10-14 17:00:00'), 'Convective cell over 18C, 40% arrival capacity reduction, forces single-runway departures off 18L', '18C/36C,27');

